"parameter","species","mean","lower05","uppper95","prob_pos","prob_neg"
"jday","ACWO",0.143788005951919,-0.140449725148417,0.453689340716037,0.7845,0.2155
"jday","AMRO",-0.0369253378165078,-0.201707603118604,0.12546594920811,0.363,0.637
"jday","ANHU",-0.448216938006389,-0.727213013963878,-0.168810366702537,0.0045,0.9955
"jday","ATFL",-0.0517314514768175,-0.520709838636725,0.460675652324468,0.421,0.579
"jday","BBWO",-0.277232335381442,-0.583023227192654,0.0156844506102103,0.0695,0.9305
"jday","BCSP",-0.118946359286138,-0.617654079085588,0.421761028410793,0.3505,0.6495
"jday","BEWR",-0.132527378054191,-0.441961943809357,0.16750195401684,0.233,0.767
"jday","BGGN",0.0383334517647846,-0.413210621727651,0.471430318468851,0.541,0.459
"jday","BHCO",-0.376225360750201,-0.74248497694205,-0.0729221732531161,0.0365,0.9635
"jday","BHGR",-0.474217962778608,-0.635063115936016,-0.328913067131216,0,1
"jday","BRBL",-0.107211750667882,-0.576459216244122,0.373104943882177,0.352,0.648
"jday","BRCR",-0.0324790915127274,-0.216803686488206,0.136507583051928,0.384,0.616
"jday","BRSP",-0.0187084392472549,-0.411852174871252,0.400685346293502,0.472,0.528
"jday","BTPI",-0.0958975788276214,-0.499103286884717,0.361940905090358,0.361,0.639
"jday","BTYW",-0.133158201147576,-0.425462642112482,0.167090538284306,0.231,0.769
"jday","BUOR",-0.281669755016279,-0.789031168377266,0.157350547744861,0.1675,0.8325
"jday","BUSH",-0.0240828746076322,-0.353821819375873,0.304510044257139,0.4425,0.5575
"jday","CAFI",0.0164501514849675,-0.226377925061861,0.27697901551722,0.536,0.464
"jday","CAHU",0.176424871140294,-0.18316816450517,0.55283287900862,0.781,0.219
"jday","CANW",-0.299960502564108,-0.853069749318352,0.225554717370434,0.185,0.815
"jday","CAQU",0.152790139172962,-0.249557710029605,0.535831908488067,0.734,0.266
"jday","CAVI",-0.183912334163051,-0.380203933219156,0.0511392967399866,0.0865,0.9135
"jday","CBCH",-0.135797024822432,-0.673748813155452,0.375033640371901,0.332,0.668
"jday","CHSP",-0.396570840244617,-0.579835924835679,-0.216848459385046,5e-04,0.9995
"jday","DEJU",0.0858158858874601,-0.0398623246345874,0.241259217682888,0.8425,0.1575
"jday","DOWO",0.203120671540036,-0.206171043873934,0.639651511844827,0.7865,0.2135
"jday","DUFL",0.0954741441211901,-0.111006281238696,0.299282083959276,0.776,0.224
"jday","EUST",-0.245743279305757,-0.752824053627256,0.23771724925758,0.2095,0.7905
"jday","EVGR",-0.256674632500401,-0.60453613569818,0.0803197384275299,0.1175,0.8825
"jday","FOSP",0.0860779799736509,-0.129683197607264,0.301777027098302,0.7495,0.2505
"jday","GCKI",-0.0767338587608293,-0.436132992012163,0.249502079793456,0.366,0.634
"jday","GRFL",-0.282887465700017,-0.80888867743942,0.20212643622264,0.1785,0.8215
"jday","GTTO",-0.028490233009405,-0.24933765919466,0.189009913312957,0.4065,0.5935
"jday","HAFL",0.174143014668825,-0.140977813409238,0.464019045345387,0.8365,0.1635
"jday","HAWO",-0.208437798615676,-0.356547290162967,-0.051570251001628,0.009,0.991
"jday","HETH",0.0573625470433924,-0.347508694025213,0.469942809261837,0.593,0.407
"jday","HEWA",-0.100385264959408,-0.329386275221558,0.134013986537955,0.2515,0.7485
"jday","HOFI",-0.173641291534481,-0.613304977258361,0.342594891414482,0.279,0.721
"jday","HOWR",-0.130582162793999,-0.330839129089512,0.0578951023781713,0.144,0.856
"jday","HUVI",-0.216389100483403,-0.563770823616514,0.176825348212616,0.178,0.822
"jday","LAGO",0.413087764132109,0.0640269376517749,0.735721623772974,0.98,0.02
"jday","LASP",-0.196174557189208,-0.70775340117672,0.282302583627801,0.269,0.731
"jday","LAZB",-0.951844110233821,-1.13906577659129,-0.75899962467641,0,1
"jday","LEGO",0.610742999018809,0.308175859631068,0.895700040212441,1,0
"jday","LEWO",-0.19325523430816,-0.604440071321362,0.282304999601417,0.2255,0.7745
"jday","LISP",-0.0491579377397285,-0.439325497474579,0.33869998310423,0.4265,0.5735
"jday","MGWA",0.0561424272124052,-0.134017761331215,0.223730802498199,0.7025,0.2975
"jday","MOBL",0.0482197077850837,-0.224515942415808,0.296033911506484,0.6135,0.3865
"jday","MOCH",-0.141570764604082,-0.343226287620565,0.0626790826052941,0.13,0.87
"jday","MODO",-0.593815795763238,-0.839780535799384,-0.340977258848856,0,1
"jday","MOUQ",-0.26688495116172,-0.460950876907899,-0.0769740589585814,0.0165,0.9835
"jday","NAWA",-0.622124064952625,-0.844415853692806,-0.412788748198702,0,1
"jday","NOFL",0.0807445363631712,-0.0901463627220673,0.269666018793925,0.77,0.23
"jday","NUWO",0.0616746871132466,-0.398352718321231,0.600287125070601,0.57,0.43
"jday","OSFL",0.116501761796118,-0.099002817021953,0.314099183539646,0.8305,0.1695
"jday","PAWR",0.0456956706829348,-0.445544730959686,0.490619543184248,0.559,0.441
"jday","PIGR",-0.0726874160588009,-0.615866008057856,0.423112162471691,0.4095,0.5905
"jday","PISI",0.0146636587965057,-0.307634803223579,0.350577532279647,0.521,0.479
"jday","PIWO",-0.134821249887917,-0.53171727107607,0.229525248961061,0.284,0.716
"jday","PSFL",-0.0968343111406407,-0.447173772544062,0.275870708195585,0.33,0.67
"jday","PUFI",-0.2031595499265,-0.46108586547568,0.0611864267715359,0.1045,0.8955
"jday","PYNU",-0.20240681781728,-0.682034795321854,0.277845910720812,0.2235,0.7765
"jday","RBNU",0.188453972772497,0.0120639673825857,0.362268642950615,0.954,0.046
"jday","RBSA",-0.0146998667382176,-0.261719448376451,0.247339442014795,0.448,0.552
"jday","RCSP",-0.137602174545049,-0.660816512348588,0.349659914498373,0.3335,0.6665
"jday","RECR",-0.157003604247107,-0.586611759826089,0.2939778245324,0.288,0.712
"jday","ROWR",-0.156379492088957,-0.510246457209671,0.19504520142883,0.2275,0.7725
"jday","SOGR",-0.103457046721614,-0.524071892922131,0.360296190409555,0.3535,0.6465
"jday","SOSP",-0.0458600575793357,-0.399636890348405,0.322839082947364,0.424,0.576
"jday","SPTO",-0.129660042426249,-0.292923071612805,0.0558605681604148,0.1075,0.8925
"jday","STJA",0.0544319071898548,-0.105541356556337,0.21951455300992,0.703,0.297
"jday","TOSO",0.145375947419921,-0.0957790011343268,0.359434459987453,0.8435,0.1565
"jday","VASW",-0.0816575065059678,-0.615627977757409,0.411954450876702,0.402,0.598
"jday","WAVI",0.112181805094972,-0.162089199328332,0.385879314081504,0.766,0.234
"jday","WBNU",0.418047939689501,0.118445644037191,0.713068567695614,0.991,0.00900000000000001
"jday","WEBL",-0.0890263324042596,-0.305889583032452,0.120475609005663,0.252,0.748
"jday","WESJ",-0.14179873490756,-0.544199127556082,0.292310855628185,0.3085,0.6915
"jday","WETA",0.132805613595505,-0.0246160589912302,0.285865462089184,0.927,0.073
"jday","WEWP",0.0941108971778143,-0.0816002869898863,0.245306186407746,0.818,0.182
"jday","WHWO",0.150950882368781,-0.0537932210966174,0.336068149254069,0.896,0.104
"jday","WIWA",-0.151757076691082,-0.482039643540761,0.126624747772506,0.2015,0.7985
"jday","WREN",-0.0827387201667161,-0.422252276066393,0.257235729363208,0.341,0.659
"jday","YEWA",-0.136927281925375,-0.373802572499285,0.143839057807406,0.199,0.801
"jday","YRWA",-0.628470103207619,-1.04946963727039,-0.184611509083717,0.0055,0.9945
"jday","CALT",-0.197424606529552,-0.676893390516827,0.320102480884643,0.25,0.75
"jday","CLNU",-0.121493342901575,-0.569366095581858,0.397430751456684,0.3445,0.6555
"jday","RWBL",-0.57764139095546,-1.06100120662935,-0.0626091753213368,0.0285,0.9715
"jday","WISA",-0.0835395587685481,-0.568001397602523,0.327420407079331,0.3605,0.6395
"jday","BESP",-0.117530933837495,-0.662097445741644,0.403933973513288,0.3525,0.6475
"jday","AMGO",-0.0739820300310105,-0.60964546090879,0.429431056930618,0.3995,0.6005
"jday","OATI",-0.0848218127725601,-0.556053045441784,0.447235664551285,0.3945,0.6055
"jday","VESP",-0.0560930908924889,-0.598931923001028,0.427646398069434,0.4325,0.5675
"jday","YBCH",-0.121990751455926,-0.628574613774003,0.399692878455754,0.337,0.663
"jday","MWCS",0.00167757653895289,-0.479592891120145,0.493094847248412,0.506,0.494
"jday2","ACWO",-0.0113582829246975,-0.122279283701099,0.100319861357863,0.4355,0.5645
"jday2","AMRO",0.0583745802899069,-0.0301913089175106,0.150767837119925,0.846,0.154
"jday2","ANHU",-0.0524999443239314,-0.1668948532771,0.0572434391391936,0.2355,0.7645
"jday2","ATFL",-0.00268821105922577,-0.128038719112159,0.121375678033026,0.491,0.509
"jday2","BBWO",-0.0681516831123386,-0.191459533912797,0.0437172237923298,0.1745,0.8255
"jday2","BCSP",-0.00499062410988933,-0.133661922102247,0.115878258692496,0.4735,0.5265
"jday2","BEWR",0.00341995270145807,-0.1035743071898,0.112073347922374,0.52,0.48
"jday2","BGGN",-0.00470230004152422,-0.128822091244634,0.113325820394751,0.482,0.518
"jday2","BHCO",0.00596225909923645,-0.10493182165082,0.119707530738302,0.5405,0.4595
"jday2","BHGR",-0.0211789279179008,-0.116877238455095,0.0651028463809042,0.3525,0.6475
"jday2","BRBL",-0.00544041868557028,-0.119525803981348,0.119179071518331,0.474,0.526
"jday2","BRCR",-0.0371701081469581,-0.133113843457852,0.0536095158715726,0.26,0.74
"jday2","BRSP",0.00577889023771961,-0.111746441527312,0.122197901521557,0.533,0.467
"jday2","BTPI",-0.0159107493616273,-0.141998254937393,0.0963537671745006,0.41,0.59
"jday2","BTYW",0.00474186663499451,-0.101503515200862,0.12451665179139,0.527,0.473
"jday2","BUOR",-0.000105167269580668,-0.126477028474591,0.112378648086415,0.5025,0.4975
"jday2","BUSH",0.00786625047882551,-0.0983300315569718,0.123477034584524,0.5485,0.4515
"jday2","CAFI",0.00258621135602734,-0.0953196159704804,0.107538446701518,0.521,0.479
"jday2","CAHU",0.00701106686033414,-0.101911836430823,0.115326696815133,0.5255,0.4745
"jday2","CANW",-0.0149509384522006,-0.139571868690922,0.098968197443412,0.427,0.573
"jday2","CAQU",0.0418092421404129,-0.0794653582154957,0.169617229282819,0.698,0.302
"jday2","CAVI",0.00849806534559753,-0.0994878228477404,0.113252604255571,0.557,0.443
"jday2","CBCH",-0.00666433885112056,-0.123069086769227,0.107702332491391,0.4755,0.5245
"jday2","CHSP",0.0534317319307014,-0.0415819070164153,0.141389471399516,0.822,0.178
"jday2","DEJU",0.0135639278365328,-0.0582029829487111,0.0982053081146251,0.609,0.391
"jday2","DOWO",-0.0068022039863903,-0.121768656663375,0.108519735031669,0.4705,0.5295
"jday2","DUFL",-0.0547517899388491,-0.154581627563554,0.0366976992222185,0.1925,0.8075
"jday2","EUST",-0.0131787063876414,-0.138377560708556,0.10720573679776,0.4335,0.5665
"jday2","EVGR",-0.0332707271812923,-0.152417117280905,0.0705422882657171,0.325,0.675
"jday2","FOSP",-0.00298386690308384,-0.103676268408808,0.0814156121599833,0.4815,0.5185
"jday2","GCKI",-0.0185584693904283,-0.12306513091643,0.0944799658226195,0.4065,0.5935
"jday2","GRFL",-0.0202347876033084,-0.135354169273268,0.0981297761501854,0.4035,0.5965
"jday2","GTTO",-0.00682395981136993,-0.0995668598159531,0.0936957455792671,0.455,0.545
"jday2","HAFL",0.000548371690579716,-0.0977520999887141,0.116472842440375,0.509,0.491
"jday2","HAWO",0.0354251327333111,-0.0485611203707171,0.119102955359017,0.748,0.252
"jday2","HETH",-0.00407897976382471,-0.118342453302954,0.103377945071602,0.4785,0.5215
"jday2","HEWA",0.0292733297875603,-0.0642110252929813,0.140343018304945,0.662,0.338
"jday2","HOFI",-0.00881232568017418,-0.133632106965396,0.10448870505806,0.4655,0.5345
"jday2","HOWR",-0.0461839487967123,-0.148133830747633,0.043143763317806,0.2175,0.7825
"jday2","HUVI",-0.0173460663811494,-0.143699861112764,0.0864842844561366,0.42,0.58
"jday2","LAGO",0.0190040622496001,-0.0896662120201267,0.138989869694243,0.598,0.402
"jday2","LASP",-0.00993564366267887,-0.137001502036755,0.09627974410587,0.449,0.551
"jday2","LAZB",0.0304270963258885,-0.0693457987519927,0.121139774995044,0.6875,0.3125
"jday2","LEGO",-0.00520914231138195,-0.117601853954964,0.10766015515524,0.475,0.525
"jday2","LEWO",-0.0085437939640084,-0.120590897536268,0.109089038090764,0.4615,0.5385
"jday2","LISP",0.0251369411029349,-0.0927765890659643,0.140441469638608,0.6305,0.3695
"jday2","MGWA",-0.0059388840481291,-0.093388471177178,0.079868253488404,0.4625,0.5375
"jday2","MOBL",-0.0277715634187071,-0.126734247155143,0.0855706185801167,0.3445,0.6555
"jday2","MOCH",0.0610632809500925,-0.0288212316967139,0.161507584028579,0.851,0.149
"jday2","MODO",-0.00860817587369062,-0.111401036142817,0.0924792534180375,0.4525,0.5475
"jday2","MOUQ",0.000686101338837078,-0.0991877552730062,0.0891710757173097,0.503,0.497
"jday2","NAWA",-0.0503398347603823,-0.153116384109874,0.0540534224173664,0.218,0.782
"jday2","NOFL",-0.0164486331012526,-0.102644462417252,0.0725592454076753,0.3895,0.6105
"jday2","NUWO",0.00366798222130114,-0.112025638095831,0.135911790424421,0.5365,0.4635
"jday2","OSFL",0.0348578061599257,-0.0734838452456082,0.121624420256007,0.716,0.284
"jday2","PAWR",-0.00112462313382796,-0.121361229640166,0.113558186149592,0.4935,0.5065
"jday2","PIGR",-0.00569605669130641,-0.121120947971043,0.124696336225466,0.4705,0.5295
"jday2","PISI",-0.0058413972317235,-0.112099201199001,0.108031143490647,0.4665,0.5335
"jday2","PIWO",-0.0260438873111015,-0.150066957689344,0.0928480356189541,0.3825,0.6175
"jday2","PSFL",-0.00897690493765065,-0.130418349366225,0.104912700196604,0.456,0.544
"jday2","PUFI",-0.0175268515417326,-0.127328458870109,0.0905740476321377,0.4085,0.5915
"jday2","PYNU",-0.0106563204810445,-0.113953745670293,0.10496931365348,0.436,0.564
"jday2","RBNU",0.0328931071467462,-0.0553685032348831,0.124839002465533,0.7105,0.2895
"jday2","RBSA",0.0313413466770159,-0.070726555263656,0.149358364384261,0.6845,0.3155
"jday2","RCSP",-0.009169585979797,-0.134308503879301,0.111499618079984,0.474,0.526
"jday2","RECR",-0.0233640285481637,-0.152246601302753,0.0931481031853418,0.394,0.606
"jday2","ROWR",-0.00262473692528703,-0.120802984068847,0.106473972108548,0.477,0.523
"jday2","SOGR",-0.00669684402595606,-0.137279902190837,0.112611428444942,0.475,0.525
"jday2","SOSP",0.00200211227774538,-0.113410602787472,0.114169209003602,0.511,0.489
"jday2","SPTO",0.010929564729877,-0.0829026863072109,0.099109793975857,0.578,0.422
"jday2","STJA",0.0281680546476305,-0.0474442519535207,0.125511326373064,0.694,0.306
"jday2","TOSO",-0.0544751460487912,-0.162135171388592,0.0533142977082859,0.2125,0.7875
"jday2","VASW",-0.00295126108793909,-0.122977877834934,0.116364493623516,0.4895,0.5105
"jday2","WAVI",-0.0123998734588644,-0.113661609481677,0.0894885296809191,0.4485,0.5515
"jday2","WBNU",0.0109095896735861,-0.0953014258602222,0.122446642284731,0.563,0.437
"jday2","WEBL",-0.0224881481430192,-0.12405220767918,0.0832444098065106,0.3745,0.6255
"jday2","WESJ",-0.0167632992934872,-0.14364259630719,0.09693532645655,0.418,0.582
"jday2","WETA",-0.0279607389765243,-0.107053227630555,0.0533307123665935,0.2935,0.7065
"jday2","WEWP",0.0203622469792568,-0.0590396761488269,0.110298787589103,0.655,0.345
"jday2","WHWO",-0.0118360358451275,-0.102469583204848,0.072893877268301,0.409,0.591
"jday2","WIWA",0.0255404592276799,-0.0771894740122815,0.141302023968419,0.644,0.356
"jday2","WREN",-0.0205362938720574,-0.12932882577177,0.097658238143161,0.3965,0.6035
"jday2","YEWA",0.0082985366226405,-0.0839409774004419,0.112290706582095,0.552,0.448
"jday2","YRWA",-0.0546281225830743,-0.181026123505285,0.0725782827386942,0.2455,0.7545
"jday2","CALT",-0.0149173197656597,-0.135892961282571,0.0954107558228882,0.4275,0.5725
"jday2","CLNU",-0.0143163914276956,-0.134373370918401,0.100560165827365,0.4295,0.5705
"jday2","RWBL",-0.01140345214679,-0.140797916261036,0.0935428612160788,0.4435,0.5565
"jday2","WISA",-0.00762176886981596,-0.121703246177678,0.107656478087925,0.458,0.542
"jday2","BESP",-0.00588360238746999,-0.125321575625161,0.118434625448327,0.4695,0.5305
"jday2","AMGO",-0.00288450880417088,-0.125069931156452,0.106784564552276,0.4895,0.5105
"jday2","OATI",-0.00570766420133762,-0.130650050379599,0.113225997267835,0.4815,0.5185
"jday2","VESP",0.00169565225886039,-0.107515030506483,0.13071160466316,0.5115,0.4885
"jday2","YBCH",-0.00566573314268868,-0.121422510250485,0.101736800424439,0.4765,0.5235
"jday2","MWCS",0.00687293157772966,-0.0974710082645484,0.136624191664047,0.5375,0.4625
"snag","ACWO",-0.139173010342791,-0.344114034893678,0.0915026591098262,0.154,0.846
"snag","AMRO",0.047421064987207,-0.0400066932287575,0.142557915710803,0.812,0.188
"snag","ANHU",-0.320402815578115,-0.566436846266855,-0.072204375243573,0.0135,0.9865
"snag","ATFL",-0.0937123276206885,-0.615439111109325,0.451583705939766,0.392,0.608
"snag","BBWO",0.488746871292605,0.328370481619271,0.67168148455553,1,0
"snag","BCSP",-0.0807312190642177,-0.601054726459376,0.460424846353183,0.4135,0.5865
"snag","BEWR",0.020879812686467,-0.300335705314189,0.340472153101206,0.532,0.468
"snag","BGGN",-0.683160563972292,-1.14965152951086,-0.231869119084132,0.004,0.996
"snag","BHCO",-0.313314408119894,-0.576769012454735,0.0137748659926729,0.0405,0.9595
"snag","BHGR",-0.159792637995047,-0.25342799203002,-0.0664452720666006,5e-04,0.9995
"snag","BRBL",-0.102700713862485,-0.607220134751795,0.3731848214233,0.369,0.631
"snag","BRCR",0.358932868480205,0.264234778826614,0.454970334342675,1,0
"snag","BRSP",-0.602171779649292,-1.04371573399553,-0.0776928940807405,0.0205,0.9795
"snag","BTPI",-0.077696753273407,-0.512827341972079,0.361019130119323,0.3975,0.6025
"snag","BTYW",-0.323330940323594,-0.574358982449182,-0.0898101640590679,0.017,0.983
"snag","BUOR",-0.416230109373049,-0.910577667550865,0.083769770126063,0.081,0.919
"snag","BUSH",-0.289105434797394,-0.662537015255069,0.144509912924704,0.1225,0.8775
"snag","CAFI",-0.149550203248772,-0.330308305619328,0.0230351366626065,0.09,0.91
"snag","CAHU",-0.65600953487785,-1.00044065081347,-0.313675825961795,0,1
"snag","CANW",-0.199977174373205,-0.726464689655257,0.339400806194356,0.272,0.728
"snag","CAQU",-0.00484890406590526,-0.443050403539388,0.441334677582427,0.4865,0.5135
"snag","CAVI",0.0280053728375306,-0.124091225140625,0.175041990366927,0.6115,0.3885
"snag","CBCH",-0.117775686171925,-0.60840351119101,0.36309789602952,0.3525,0.6475
"snag","CHSP",-0.241907513399813,-0.345191051470522,-0.131160690523975,5e-04,0.9995
"snag","DEJU",0.146347105666714,0.0839142523516798,0.221708226803324,1,0
"snag","DOWO",0.0702741730884388,-0.263635476887327,0.417473526865858,0.6275,0.3725
"snag","DUFL",-0.235156601778326,-0.339924648367855,-0.13210507040222,0,1
"snag","EUST",-0.20897465903822,-0.702102402646745,0.310087658438695,0.2495,0.7505
"snag","EVGR",0.115607318825449,-0.125029128277174,0.344771962212758,0.778,0.222
"snag","FOSP",-0.817097652853429,-0.949747222811103,-0.669724668838979,0,1
"snag","GCKI",0.197586646457963,-0.056031880885564,0.43942932308038,0.899,0.101
"snag","GRFL",-0.382319517572775,-0.872794966516743,0.145767100740312,0.111,0.889
"snag","GTTO",-0.354828936572724,-0.532328475458883,-0.184993089478266,5e-04,0.9995
"snag","HAFL",0.615911307705887,0.426574610914783,0.789311777793925,1,0
"snag","HAWO",0.17427062882621,0.0884804900962674,0.257414133842001,0.9995,0.000499999999999945
"snag","HETH",0.065902657595516,-0.25185253231777,0.361237546214038,0.645,0.355
"snag","HEWA",0.16982039787884,0.0189327649686515,0.323846370770801,0.962,0.038
"snag","HOFI",-0.156261335733741,-0.62857658815909,0.361183494927286,0.2995,0.7005
"snag","HOWR",-0.0630268646077472,-0.205304991306242,0.0851457529819433,0.2455,0.7545
"snag","HUVI",-0.27152877217818,-0.577154032405187,0.0741948323332564,0.09,0.91
"snag","LAGO",-0.117822409914295,-0.321378214000338,0.0879766624641602,0.1585,0.8415
"snag","LASP",-0.264429116403646,-0.810950071708824,0.29511289054374,0.206,0.794
"snag","LAZB",-0.186553958676315,-0.289717771107815,-0.0849112692043023,0.0045,0.9955
"snag","LEGO",-0.284010648366692,-0.491743159905075,-0.0623571315545178,0.015,0.985
"snag","LEWO",-0.0975409573916769,-0.601559745985751,0.404942286595711,0.385,0.615
"snag","LISP",0.159699811957013,-0.161029078461635,0.523029955523534,0.782,0.218
"snag","MGWA",0.00685011174802532,-0.0933548811856743,0.124088772808585,0.549,0.451
"snag","MOBL",-0.0855120425969027,-0.26133518708414,0.108102852812039,0.216,0.784
"snag","MOCH",-0.229256075479048,-0.333657475350802,-0.122180580945468,0,1
"snag","MODO",-0.230822919501942,-0.398732428638577,-0.0376749436546066,0.021,0.979
"snag","MOUQ",-0.269106704835521,-0.415167978771009,-0.116554437672995,0.001,0.999
"snag","NAWA",-0.375086215356837,-0.496927836515139,-0.262051729349349,0,1
"snag","NOFL",-0.114906025422561,-0.231830238162603,0.0139951206098497,0.065,0.935
"snag","NUWO",-0.171119361843846,-0.681891314755743,0.388999884563533,0.3115,0.6885
"snag","OSFL",-0.0403910588766715,-0.162830697463303,0.0841742426278744,0.2945,0.7055
"snag","PAWR",0.189088947294,-0.20956585216066,0.630609464249626,0.778,0.222
"snag","PIGR",-0.115158065926302,-0.6392676880411,0.435337445828831,0.3645,0.6355
"snag","PISI",-0.0292093554648266,-0.24450811681825,0.201303106169048,0.4245,0.5755
"snag","PIWO",0.459849126232708,0.156115749996055,0.738614959190423,0.998,0.002
"snag","PSFL",0.241654626169909,-0.0848638102244131,0.53895203071477,0.895,0.105
"snag","PUFI",0.121870574171043,-0.0328758105183243,0.280270056300805,0.8955,0.1045
"snag","PYNU",-0.113195871270776,-0.550419501409456,0.33180318810067,0.332,0.668
"snag","RBNU",0.126151151447517,0.0309770109808802,0.214550757649322,0.9865,0.0135
"snag","RBSA",-0.129009361118923,-0.333888147533059,0.0789042045856963,0.145,0.855
"snag","RCSP",-0.0395768285063899,-0.524047557024544,0.52047952777291,0.461,0.539
"snag","RECR",0.0246644762795263,-0.388556488258407,0.401869191615144,0.5355,0.4645
"snag","ROWR",-0.0727294852156594,-0.406364320351129,0.2331714396296,0.3485,0.6515
"snag","SOGR",-0.0789291286638773,-0.557885576357997,0.385415603886696,0.3825,0.6175
"snag","SOSP",0.265949008707591,-0.0255923095217369,0.552661669509915,0.934,0.0659999999999999
"snag","SPTO",-0.369715305188484,-0.488882597423481,-0.246377006633021,0,1
"snag","STJA",-0.0471740815910722,-0.145005972391794,0.0436692504537595,0.207,0.793
"snag","TOSO",0.221071594757536,0.116702136401796,0.339006982070598,0.999,0.001
"snag","VASW",-0.0914473198822319,-0.622554929434647,0.450201932850085,0.4045,0.5955
"snag","WAVI",-0.112431523784288,-0.290893119078854,0.0761516773952656,0.1515,0.8485
"snag","WBNU",-0.00323330417069677,-0.195833695678514,0.182816454996911,0.4815,0.5185
"snag","WEBL",-0.231426917380729,-0.409607729232388,-0.0545425715081608,0.0145,0.9855
"snag","WESJ",-0.604734214671511,-1.06703365939841,-0.125579763286586,0.019,0.981
"snag","WETA",0.0719691295333803,-0.00607395683176798,0.151910963931273,0.93,0.07
"snag","WEWP",0.014336350349452,-0.071017686505481,0.100031405592217,0.6075,0.3925
"snag","WHWO",0.198206966455641,0.103654250929312,0.297384580077836,0.9995,0.000499999999999945
"snag","WIWA",-0.0336638860193074,-0.31822119540813,0.252057128966879,0.4165,0.5835
"snag","WREN",-0.283213236556136,-0.683417806149855,0.142307011263647,0.1185,0.8815
"snag","YEWA",-0.681914411331513,-0.885812328033529,-0.469445163131882,0,1
"snag","YRWA",-0.104416313513319,-0.441457632343917,0.246240758330574,0.2915,0.7085
"snag","CALT",-0.298241624751081,-0.792806888327617,0.166129521156507,0.149,0.851
"snag","CLNU",-0.0210632090053739,-0.548754463659212,0.519070911500849,0.4735,0.5265
"snag","RWBL",0.416079871558581,-0.013748278070128,0.845682675094469,0.9465,0.0535
"snag","WISA",0.144724002018072,-0.351987835032072,0.647382072573101,0.6835,0.3165
"snag","BESP",-0.0989488265896964,-0.616260420943707,0.465339425235529,0.3725,0.6275
"snag","AMGO",-0.0822711872818617,-0.61607284679008,0.470112804224878,0.401,0.599
"snag","OATI",-0.137419490430419,-0.689806460678468,0.331276008476248,0.3255,0.6745
"snag","VESP",-0.13493583239004,-0.637516395310034,0.432922924426728,0.325,0.675
"snag","YBCH",-0.0827617207414933,-0.592584392490124,0.466676284113011,0.4105,0.5895
"snag","MWCS",-0.144979584918374,-0.632492664158285,0.36738712068553,0.306,0.694
"shrub","ACWO",-0.262005690221459,-0.507529038689957,-0.0525498513774529,0.0295,0.9705
"shrub","AMRO",-0.0186879138889113,-0.103521271143766,0.0721218873829143,0.374,0.626
"shrub","ANHU",0.293679231221394,0.0817614220733476,0.524751326343226,0.9835,0.0165
"shrub","ATFL",0.0288604176479684,-0.379608769172901,0.485218999991936,0.5485,0.4515
"shrub","BBWO",-0.176765097353524,-0.346018387593615,-0.00379651929929188,0.05,0.95
"shrub","BCSP",0.00557008469130451,-0.465469830489329,0.413725070027484,0.5215,0.4785
"shrub","BEWR",0.17792121216581,-0.0499760514413977,0.417132414106084,0.8905,0.1095
"shrub","BGGN",0.0246403365097192,-0.329113358142724,0.39146145773458,0.5585,0.4415
"shrub","BHCO",0.305178662863535,0.0045027861329375,0.587487688769365,0.962,0.038
"shrub","BHGR",0.146681377351007,0.0569645627215607,0.232058716442803,0.9975,0.00249999999999995
"shrub","BRBL",-0.0190402749363289,-0.420189618709915,0.36307690742738,0.4785,0.5215
"shrub","BRCR",0.271304398646818,0.185708567559154,0.366263794118262,1,0
"shrub","BRSP",-0.128645702613865,-0.48504658406979,0.216840593616766,0.2655,0.7345
"shrub","BTPI",0.0524089813850106,-0.305376428209494,0.395330265016874,0.5915,0.4085
"shrub","BTYW",-0.351693478770112,-0.604883384185897,-0.0797033607948763,0.0145,0.9855
"shrub","BUOR",0.101124714755335,-0.273907907520514,0.503871060038712,0.6735,0.3265
"shrub","BUSH",0.178530920892231,-0.115153088945824,0.456911468401526,0.848,0.152
"shrub","CAFI",-0.281247107739091,-0.470627561839587,-0.0967302280140847,0.0035,0.9965
"shrub","CAHU",-0.0825703234864642,-0.365976922410768,0.205317637465215,0.3265,0.6735
"shrub","CANW",-0.0733965263043873,-0.47741061425608,0.382605179751043,0.3875,0.6125
"shrub","CAQU",-0.161792690398252,-0.518210408686691,0.1622943612138,0.2205,0.7795
"shrub","CAVI",-0.0336626975627679,-0.167888350941736,0.101607631247394,0.344,0.656
"shrub","CBCH",-0.0228496896961858,-0.455138239327534,0.366108840449207,0.4795,0.5205
"shrub","CHSP",-0.140985180903634,-0.234450835214755,-0.0286437490261631,0.012,0.988
"shrub","DEJU",-0.00797336821907738,-0.083002350895276,0.0621856610151404,0.4255,0.5745
"shrub","DOWO",0.0177457716751962,-0.31537668184047,0.313277232028669,0.5445,0.4555
"shrub","DUFL",0.199860599167564,0.103434725539483,0.30212211501055,1,0
"shrub","EUST",0.0830202016641042,-0.302036831156563,0.457834551038692,0.6355,0.3645
"shrub","EVGR",0.108351000085496,-0.12678122184776,0.34950296275451,0.775,0.225
"shrub","FOSP",0.796876654480013,0.674948566257743,0.932122930047293,1,0
"shrub","GCKI",-0.0165085836864834,-0.240717398792001,0.244026727558019,0.4525,0.5475
"shrub","GRFL",-0.223464592949062,-0.655513144934819,0.219305673990699,0.1975,0.8025
"shrub","GTTO",0.033326230721221,-0.0923095317746185,0.173576876499134,0.6535,0.3465
"shrub","HAFL",-0.137589133566133,-0.360468808730829,0.0552883023303426,0.1405,0.8595
"shrub","HAWO",-0.0836210645870938,-0.163674941777323,0.00872350501234975,0.0575,0.9425
"shrub","HETH",-0.16310407506341,-0.538752275303863,0.190108304332898,0.2375,0.7625
"shrub","HEWA",-0.0945086682112364,-0.282720001754314,0.103900919716047,0.2095,0.7905
"shrub","HOFI",0.054952084008747,-0.311100809109726,0.514642454335736,0.5875,0.4125
"shrub","HOWR",0.0617142818529707,-0.038051210821136,0.179079888009878,0.8225,0.1775
"shrub","HUVI",-0.158851840524047,-0.496763019747953,0.145921999806927,0.209,0.791
"shrub","LAGO",-0.110921182997743,-0.320666958223591,0.121960814265569,0.1995,0.8005
"shrub","LASP",0.0451120956325946,-0.40490807872059,0.45080871692216,0.574,0.426
"shrub","LAZB",0.432270777919068,0.336421734646087,0.523807841731848,1,0
"shrub","LEGO",-0.10079132132674,-0.320901642131103,0.113635480070715,0.2255,0.7745
"shrub","LEWO",0.0516523686426537,-0.305377279472237,0.431910856943886,0.598,0.402
"shrub","LISP",-0.339838844877051,-0.737827993636242,0.0284012506883217,0.077,0.923
"shrub","MGWA",0.418978858662177,0.318610266051105,0.516652619277844,1,0
"shrub","MOBL",-0.216380088099007,-0.375254144461337,-0.0766398583366846,0.008,0.992
"shrub","MOCH",-0.208285891869844,-0.326331793188519,-0.107105885200075,0.001,0.999
"shrub","MODO",0.00639527096036466,-0.152771975672211,0.179297524165533,0.516,0.484
"shrub","MOUQ",0.158614209335173,0.025944419590846,0.282887514902806,0.976,0.024
"shrub","NAWA",0.394385676155716,0.282244606101117,0.502788683829739,1,0
"shrub","NOFL",0.0884156147274526,-0.0218168484011621,0.196633016366055,0.91,0.09
"shrub","NUWO",0.0553610853976015,-0.3438631915217,0.506052076785277,0.585,0.415
"shrub","OSFL",0.102688835909726,-0.012605862854479,0.254758503473046,0.8955,0.1045
"shrub","PAWR",0.0646172163942412,-0.312475049169156,0.404497896956459,0.6015,0.3985
"shrub","PIGR",-0.0188188530589811,-0.431417007077673,0.453862785918884,0.4735,0.5265
"shrub","PISI",-0.300404182867366,-0.557094412961333,-0.0698763854149134,0.017,0.983
"shrub","PIWO",-0.00686350445873363,-0.278362332993445,0.258554631343546,0.4905,0.5095
"shrub","PSFL",-0.536748954124506,-0.892507836146512,-0.182451353772999,0.004,0.996
"shrub","PUFI",-0.0851217535062211,-0.298485228596311,0.12145439898961,0.244,0.756
"shrub","PYNU",-0.0817463984052121,-0.464613295475527,0.350972577279838,0.3665,0.6335
"shrub","RBNU",-0.102018913922759,-0.205184153866031,-0.0121565488869578,0.0445,0.9555
"shrub","RBSA",-0.0531724199703958,-0.246896208387758,0.127685743809975,0.328,0.672
"shrub","RCSP",0.0981801259675684,-0.265904171554941,0.555041485613079,0.6495,0.3505
"shrub","RECR",-0.0863336956182255,-0.43780742295683,0.240958177902917,0.344,0.656
"shrub","ROWR",-0.191521330948613,-0.482858254241108,0.132069140281537,0.146,0.854
"shrub","SOGR",-0.196303881934456,-0.600957625415632,0.222097401903659,0.2095,0.7905
"shrub","SOSP",0.212188745181988,-0.0596065974145902,0.491264082740739,0.901,0.099
"shrub","SPTO",0.250490231479129,0.142520384456519,0.358403045022917,1,0
"shrub","STJA",-0.0809797249457098,-0.175055482836772,0.0153722983819264,0.0865,0.9135
"shrub","TOSO",-0.158307978785232,-0.298338898203514,-0.039051747780064,0.03,0.97
"shrub","VASW",0.0486761827439367,-0.357782869298191,0.513976843343264,0.576,0.424
"shrub","WAVI",0.123674038997158,-0.0866326207524045,0.322472490175092,0.8385,0.1615
"shrub","WBNU",-0.23054356238572,-0.425125500750127,-0.0493778801891343,0.0185,0.9815
"shrub","WEBL",-0.207452864530559,-0.36068216773446,-0.0496147509991414,0.017,0.983
"shrub","WESJ",0.195893112950813,-0.131576467074181,0.581227853861951,0.8145,0.1855
"shrub","WETA",-0.0422131550430163,-0.120167601025545,0.033403362118597,0.1935,0.8065
"shrub","WEWP",0.0219533722026605,-0.0768065096696386,0.109731205341156,0.646,0.354
"shrub","WHWO",-0.0289096949469875,-0.145364566299844,0.0724722666243144,0.331,0.669
"shrub","WIWA",0.0341655022722979,-0.201005344946397,0.258458363614821,0.6015,0.3985
"shrub","WREN",0.158873921840013,-0.15441530336211,0.43924891227489,0.8055,0.1945
"shrub","YEWA",0.513912524110757,0.315157661650237,0.694523150458161,1,0
"shrub","YRWA",0.045445798270353,-0.299433900439006,0.369004715989264,0.585,0.415
"shrub","CALT",-0.0382357697582709,-0.431602328872109,0.397177483848708,0.4365,0.5635
"shrub","CLNU",-0.0036610990499875,-0.433063698010834,0.370844562392916,0.4955,0.5045
"shrub","RWBL",-0.157170359158968,-0.581583449588286,0.234195978024875,0.2465,0.7535
"shrub","WISA",-0.160143393279456,-0.513040209604582,0.283164062747524,0.2495,0.7505
"shrub","BESP",0.00318778601914355,-0.447086870829043,0.439269937452623,0.5055,0.4945
"shrub","AMGO",-0.031543108769629,-0.419078634242812,0.408980535237472,0.4535,0.5465
"shrub","OATI",0.0505418215530885,-0.356588719832721,0.468595534668221,0.581,0.419
"shrub","VESP",0.0544195177623551,-0.344604449714651,0.492568609164553,0.5875,0.4125
"shrub","YBCH",0.00184492672971603,-0.388152536290247,0.485955932382269,0.497,0.503
"shrub","MWCS",-0.0375798124220057,-0.49453876611398,0.377837500760513,0.4405,0.5595
"ysf","ACWO",-0.472326765481958,-1.45957069422985,0.539010453667687,0.2205,0.7795
"ysf","AMRO",-0.665862445969106,-1.57188765928329,0.269770837952751,0.1075,0.8925
"ysf","ANHU",0.508761384519406,-0.673909733194085,1.49378333257327,0.7915,0.2085
"ysf","ATFL",-0.336097264332886,-1.94223235779735,1.57571289561677,0.3735,0.6265
"ysf","BBWO",-1.77908186838003,-3.11299509245096,-0.545202121553596,0.0125,0.9875
"ysf","BCSP",0.0283062105529376,-2.3867738145387,2.15123788245701,0.5065,0.4935
"ysf","BEWR",2.92889733731058,1.68454696037714,4.18854688476389,1,0
"ysf","BGGN",-0.164993344825247,-1.51112851317323,1.0767944985015,0.423,0.577
"ysf","BHCO",1.04367380551842,0.000907146859214225,2.04021297897027,0.9565,0.0435
"ysf","BHGR",0.725743465290761,0.17799132984778,1.3441494395508,0.981,0.019
"ysf","BRBL",0.401506913185375,-1.0971036832589,1.99836067262617,0.672,0.328
"ysf","BRCR",1.08604605112811,0.348596756788084,1.73514906480634,0.9965,0.00349999999999995
"ysf","BRSP",3.03042283553785,1.60243406301454,4.4252526701485,1,0
"ysf","BTPI",1.11120212923387,-0.405914915924545,2.43665296325221,0.9095,0.0905
"ysf","BTYW",-1.6573116051802,-2.60301969082717,-0.757990102916266,0.001,0.999
"ysf","BUOR",-0.178744576008813,-1.98562181248679,1.49515118534479,0.4395,0.5605
"ysf","BUSH",2.75991232148207,1.39966487390506,4.17929283377678,0.9995,0.000499999999999945
"ysf","CAFI",-0.746471601648924,-1.39131780390434,-0.197519672935617,0.024,0.976
"ysf","CAHU",-1.14743190697974,-2.42243715861882,-0.0701892182886975,0.0515,0.9485
"ysf","CANW",1.10173743464268,-0.406636972073012,2.57486696161537,0.883,0.117
"ysf","CAQU",1.51229880886437,0.151957880392783,2.82968037084675,0.9665,0.0335
"ysf","CAVI",-0.769627421778658,-1.58868056994159,-0.0712134524447287,0.044,0.956
"ysf","CBCH",-0.0127268793216651,-1.57316928651913,1.71046594937023,0.4895,0.5105
"ysf","CHSP",0.899396865436015,0.067817179106348,1.73773063307771,0.9565,0.0435
"ysf","DEJU",-1.45690778006722,-2.24883959760295,-0.656974964058711,0.002,0.998
"ysf","DOWO",-1.60501383389442,-3.13853218216501,-0.15417122752703,0.035,0.965
"ysf","DUFL",0.900337056934448,0.394585889795742,1.46569090613724,0.9975,0.00249999999999995
"ysf","EUST",0.404720615223195,-1.08555506605773,2.13408292804613,0.6775,0.3225
"ysf","EVGR",-0.480117964462633,-1.65457618309133,0.592359624661656,0.239,0.761
"ysf","FOSP",3.15868445778413,2.41178513860964,3.92297315128306,1,0
"ysf","GCKI",-0.843360342154483,-1.7586564698773,-0.0276540584174477,0.0535,0.9465
"ysf","GRFL",-0.177256605790823,-1.52209812117794,1.18739290651148,0.4205,0.5795
"ysf","GTTO",3.49066718652508,2.72956744423679,4.27507930622873,1,0
"ysf","HAFL",-1.18454548883049,-2.04686797380462,-0.24528606999718,0.0105,0.9895
"ysf","HAWO",-1.90858790047783,-2.568480468331,-1.22553077384943,0,1
"ysf","HETH",-2.00766264760045,-3.19792023357209,-0.743268004772024,0.0035,0.9965
"ysf","HEWA",-1.79243843286319,-2.43748262731625,-1.06341391135775,0,1
"ysf","HOFI",-0.410543348978229,-1.89233418658019,1.18968194517753,0.33,0.67
"ysf","HOWR",5.68131101538153,4.8835912634309,6.46664645550585,1,0
"ysf","HUVI",-0.412382249707519,-1.6618891467564,0.499615041575508,0.2675,0.7325
"ysf","LAGO",-3.38509118763075,-4.60860947486645,-2.1326233639299,0,1
"ysf","LASP",-0.912063696214159,-2.92695039942652,1.00718467511643,0.2255,0.7745
"ysf","LAZB",-0.130660281440751,-0.708322908515893,0.372408832178376,0.3405,0.6595
"ysf","LEGO",-0.746968455071122,-1.63070988899421,0.141267037231938,0.0815,0.9185
"ysf","LEWO",1.16226233611659,-0.197214615783395,2.74090014985308,0.8985,0.1015
"ysf","LISP",0.710369426554987,-0.412468514173706,2.06110480973704,0.8325,0.1675
"ysf","MGWA",3.72869687434894,2.8596049417571,4.65221160817271,1,0
"ysf","MOBL",0.653453901289845,-0.166346869181666,1.49045956293819,0.9065,0.0935
"ysf","MOCH",-0.0809749036720775,-0.626500341358201,0.565050830964743,0.42,0.58
"ysf","MODO",0.00840949301686366,-1.1060830783617,1.09254472453739,0.502,0.498
"ysf","MOUQ",2.42879268105851,1.3920308553721,3.33742343433252,1,0
"ysf","NAWA",2.49677329569356,1.79247320237812,3.19204278095083,1,0
"ysf","NOFL",1.3817242096978,0.691573951170715,2.04829655218995,1,0
"ysf","NUWO",0.0408073863176036,-1.55427044085417,1.78359306292522,0.5205,0.4795
"ysf","OSFL",-0.49120664806974,-1.15996620115515,0.210499674907222,0.1075,0.8925
"ysf","PAWR",-0.0497159504801732,-1.63881526912196,1.45809225606189,0.473,0.527
"ysf","PIGR",-1.28155151223221,-3.11765952703399,1.05576888612113,0.1495,0.8505
"ysf","PISI",-1.12776868272019,-1.99754239524889,-0.302309248196526,0.0135,0.9865
"ysf","PIWO",-1.12052364962749,-2.4343791229165,0.165381308045799,0.0795,0.9205
"ysf","PSFL",-1.65602706018189,-2.86161078984782,-0.425800683070463,0.011,0.989
"ysf","PUFI",-2.29357804503854,-3.15713893226569,-1.30476348666968,0,1
"ysf","PYNU",1.84467685904436,0.438546535086535,3.19346465471793,0.983,0.017
"ysf","RBNU",-1.85377382372548,-2.57196347830099,-1.24675021054926,0,1
"ysf","RBSA",0.438836921433948,-0.619528472436971,1.52118036665371,0.7425,0.2575
"ysf","RCSP",-0.630080640501438,-2.4397051010925,1.43273850032455,0.305,0.695
"ysf","RECR",-0.497675471261865,-2.02967698264264,0.964714234993072,0.2685,0.7315
"ysf","ROWR",0.0166223866239001,-0.994551688807084,1.01600471886893,0.507,0.493
"ysf","SOGR",0.454289504131979,-0.955545810044411,1.73510405695849,0.7035,0.2965
"ysf","SOSP",1.91298527430793,0.841404746514023,2.91777502586499,1,0
"ysf","SPTO",2.30589453099186,1.6021196216986,2.95343920261104,1,0
"ysf","STJA",0.527150730114956,-0.059989346320286,1.15544180860541,0.9265,0.0735
"ysf","TOSO",-2.36652580437713,-3.36523341017585,-1.46425936659292,0,1
"ysf","VASW",-0.569165778572352,-2.79474458659324,1.42442765947865,0.3365,0.6635
"ysf","WAVI",-0.981226871947128,-1.75302603855376,-0.0631012909872575,0.024,0.976
"ysf","WBNU",0.809609359120805,-0.282423074867464,1.9265538313589,0.8885,0.1115
"ysf","WEBL",1.32506169232604,0.383129118381779,2.21027967644754,0.995,0.005
"ysf","WESJ",0.996532394331141,-0.376303418458079,2.31102479524005,0.8845,0.1155
"ysf","WETA",-2.64280687765399,-3.37436844741099,-1.88706130287018,0,1
"ysf","WEWP",-0.351008809507274,-0.991301308470646,0.260208431472554,0.1825,0.8175
"ysf","WHWO",-2.84908293286302,-3.71040268821029,-1.8831954525718,0,1
"ysf","WIWA",1.97874116534375,0.871863261749263,3.17305667199541,0.9975,0.00249999999999995
"ysf","WREN",2.10736730760175,0.524318677283002,3.54048151075522,0.9865,0.0135
"ysf","YEWA",2.83149848921391,1.89937184909189,3.71378825032319,1,0
"ysf","YRWA",2.24084297418503,1.03501525784084,3.41571018289703,0.9995,0.000499999999999945
"ysf","CALT",1.11990384922993,-0.34362648187842,2.73355498867629,0.8845,0.1155
"ysf","CLNU",1.54813190735465,-0.356746772852557,3.28927191397428,0.9185,0.0815
"ysf","RWBL",1.48227068692631,-0.236186215217027,3.15648653609836,0.922,0.078
"ysf","WISA",0.773075373582019,-0.753286973539045,2.36287977125402,0.788,0.212
"ysf","BESP",-0.0449870043113717,-2.45617942130575,2.01938259303386,0.5005,0.4995
"ysf","AMGO",-0.376061939267007,-2.28828796082609,1.66476695909857,0.382,0.618
"ysf","OATI",1.36726884216291,-0.606350589324732,3.06464277411497,0.8925,0.1075
"ysf","VESP",0.73172229706109,-1.34696485862573,2.7599316063196,0.7125,0.2875
"ysf","YBCH",0.0312392929373788,-2.25432863554734,2.33510433615664,0.515,0.485
"ysf","MWCS",-0.141174830173925,-1.93508803843934,1.84855510688064,0.465,0.535
"ysf2","ACWO",0.0993081966335015,-0.324693026713143,0.503814844992106,0.6525,0.3475
"ysf2","AMRO",-0.043755756609499,-0.419037992997613,0.314686898018107,0.415,0.585
"ysf2","ANHU",-0.300100788537822,-0.728371386349746,0.119555885864576,0.1255,0.8745
"ysf2","ATFL",0.298673852348506,-0.365829024749933,0.930109336769686,0.774,0.226
"ysf2","BBWO",-0.891237807157225,-1.71019934792835,0.0109760762385059,0.0325,0.9675
"ysf2","BCSP",-0.520539483222651,-1.53935417472495,0.390672854860922,0.192,0.808
"ysf2","BEWR",-0.828562618869635,-1.25449343446419,-0.371379994788448,5e-04,0.9995
"ysf2","BGGN",0.136634491838902,-0.350692674556765,0.68284501053778,0.67,0.33
"ysf2","BHCO",-0.448062742593043,-0.85428905124442,-0.0383936295699604,0.0335,0.9665
"ysf2","BHGR",-0.22340193181827,-0.452248635783442,0.00256543950127525,0.0475,0.9525
"ysf2","BRBL",-0.555815093600963,-1.35255815311242,0.162959880431131,0.1175,0.8825
"ysf2","BRCR",-0.906744876045913,-1.25190068095771,-0.543231999018014,0,1
"ysf2","BRSP",-0.978911364293749,-1.55539144094257,-0.406210850890643,0.001,0.999
"ysf2","BTPI",-0.0338665627240197,-0.583178623512041,0.506312150033175,0.4315,0.5685
"ysf2","BTYW",0.743854628740225,0.383647036704322,1.14495825743184,0.999,0.001
"ysf2","BUOR",-0.85386919635554,-1.73914228888923,0.0231633014749411,0.0475,0.9525
"ysf2","BUSH",-0.250583760196765,-0.873612193650833,0.463894845557805,0.2485,0.7515
"ysf2","CAFI",-0.0256626706598018,-0.319946469508718,0.250650129953545,0.4515,0.5485
"ysf2","CAHU",-0.0105269350575513,-0.576776526994154,0.529346008972503,0.4975,0.5025
"ysf2","CANW",-0.924758302487633,-1.68132192892316,-0.173956364185599,0.0175,0.9825
"ysf2","CAQU",-0.314548907587728,-0.981685669174995,0.257689690475545,0.1925,0.8075
"ysf2","CAVI",0.192917169477804,-0.108803982225864,0.482386807859931,0.8555,0.1445
"ysf2","CBCH",0.477016790198178,-0.065147072076808,1.06026907122921,0.918,0.082
"ysf2","CHSP",-0.509093506679584,-0.824652186430508,-0.129615703871362,0.01,0.99
"ysf2","DEJU",0.449196940285059,0.205712821128016,0.783793914275425,0.996,0.004
"ysf2","DOWO",-0.465630130270014,-1.3779083849786,0.368433788724241,0.1805,0.8195
"ysf2","DUFL",-0.210876504064652,-0.426005773702643,0.0338977750048964,0.062,0.938
"ysf2","EUST",-0.745317075902312,-1.65847471911401,0.0183327506041465,0.0595,0.9405
"ysf2","EVGR",0.334262798499543,-0.136233299011145,0.811328987661977,0.8835,0.1165
"ysf2","FOSP",-1.10413475985548,-1.36664906672183,-0.775903156500159,0,1
"ysf2","GCKI",0.204830308536111,-0.227462719880435,0.56890838751147,0.7965,0.2035
"ysf2","GRFL",-0.078446552184247,-0.644406960672934,0.501360099088635,0.417,0.583
"ysf2","GTTO",-1.32910699665929,-1.68727863256175,-0.940846611013372,0,1
"ysf2","HAFL",0.892280938241166,0.355331417494447,1.46323660245921,0.9965,0.00349999999999995
"ysf2","HAWO",0.160486688806545,-0.121439330012169,0.424206334035964,0.8365,0.1635
"ysf2","HETH",0.686383534230857,0.137265959177881,1.21768222116652,0.981,0.019
"ysf2","HEWA",0.621388690629558,0.339975629853237,0.942355300488695,0.9995,0.000499999999999945
"ysf2","HOFI",0.0864344173830036,-0.528448024531575,0.689718597026223,0.5855,0.4145
"ysf2","HOWR",-1.59849973917564,-1.88923851866014,-1.29570770363923,0,1
"ysf2","HUVI",0.499162999894374,0.0689298575053198,0.948371881239604,0.98,0.02
"ysf2","LAGO",0.970177725798149,0.515153885634184,1.45604773192816,0.9995,0.000499999999999945
"ysf2","LASP",-0.524264767579266,-1.43270438731927,0.365900644022695,0.1605,0.8395
"ysf2","LAZB",-0.241635644584495,-0.472439683672645,-0.0337558968824856,0.0355,0.9645
"ysf2","LEGO",0.302059350738443,-0.112874676943146,0.636767993271876,0.908,0.092
"ysf2","LEWO",-0.698509555080171,-1.34184910589684,0.0115126603835075,0.0405,0.9595
"ysf2","LISP",-0.471065552365157,-0.999774150266132,0.0841219976907547,0.0705,0.9295
"ysf2","MGWA",-1.16355723850934,-1.49179626694837,-0.798934662401139,0,1
"ysf2","MOBL",-0.311055567524744,-0.633401833047503,0.0609483843943398,0.0715,0.9285
"ysf2","MOCH",0.0583120878481166,-0.209169110623343,0.334570613454229,0.6465,0.3535
"ysf2","MODO",-0.0491717533234149,-0.490022610196487,0.350429106102343,0.4195,0.5805
"ysf2","MOUQ",-0.810724725600789,-1.16048671634709,-0.385255679472913,0.001,0.999
"ysf2","NAWA",-0.547736069983618,-0.844580060263835,-0.272147441111302,0.003,0.997
"ysf2","NOFL",-0.633422591938761,-0.922618102243146,-0.352821980746804,0,1
"ysf2","NUWO",0.058660642120507,-0.530091731348235,0.773130756444486,0.543,0.457
"ysf2","OSFL",-0.0662915064839832,-0.344183067732956,0.220126422005071,0.334,0.666
"ysf2","PAWR",0.117098244977917,-0.5711285802492,0.684033594758713,0.6165,0.3835
"ysf2","PIGR",-0.309841318397411,-1.20657518400417,0.523596563243781,0.2895,0.7105
"ysf2","PISI",0.255229936500218,-0.180911695671378,0.659918669507632,0.848,0.152
"ysf2","PIWO",0.285320792736097,-0.346289053740873,0.965253731783019,0.7735,0.2265
"ysf2","PSFL",0.308237299979684,-0.239770684334085,0.892122652346456,0.817,0.183
"ysf2","PUFI",1.04606648763629,0.65483132589383,1.42638558923636,1,0
"ysf2","PYNU",-0.47875329111442,-0.990291246416255,0.00506101240344858,0.0615,0.9385
"ysf2","RBNU",0.38126309799521,0.122627238110248,0.663735672849407,0.9885,0.0115
"ysf2","RBSA",0.522526275135637,-0.183183324370792,1.42337917823938,0.878,0.122
"ysf2","RCSP",-0.492922102755621,-1.38083401383607,0.315707364877734,0.1805,0.8195
"ysf2","RECR",0.504952100192773,-0.016111309014258,1.06059630526689,0.945,0.055
"ysf2","ROWR",-0.984914441377485,-1.80000068406405,-0.204828033869423,0.014,0.986
"ysf2","SOGR",-0.430986341047329,-1.09151165149664,0.26238633041598,0.165,0.835
"ysf2","SOSP",-0.879541213406571,-1.3836347535703,-0.377420667441166,0.0015,0.9985
"ysf2","SPTO",-0.477529540850114,-0.735469213447793,-0.210569237482689,5e-04,0.9995
"ysf2","STJA",0.0268452554016861,-0.339757610091868,0.35421327590464,0.5175,0.4825
"ysf2","TOSO",0.513827658740527,0.132279233348271,0.964869539392309,0.9795,0.0205
"ysf2","VASW",-0.493796503988495,-1.39980037867252,0.453893450113829,0.1935,0.8065
"ysf2","WAVI",0.444154454024732,0.0981378830664721,0.799038911971635,0.9845,0.0155
"ysf2","WBNU",-0.345446949781121,-0.825527029052105,0.188131659669599,0.1215,0.8785
"ysf2","WEBL",-0.859605522923284,-1.28684732547625,-0.43724420973928,0,1
"ysf2","WESJ",-0.0506812061105451,-0.573686904352717,0.434290587160265,0.431,0.569
"ysf2","WETA",1.12548560926772,0.760909975316557,1.48706171989975,1,0
"ysf2","WEWP",-0.113724114431702,-0.385490930553748,0.205643412357429,0.252,0.748
"ysf2","WHWO",0.62418261170826,0.21615856799915,1.02707102659762,0.995,0.005
"ysf2","WIWA",-0.288021401984536,-0.774750413784371,0.197383625549839,0.158,0.842
"ysf2","WREN",-0.052033235291541,-0.645702370147701,0.44853667444753,0.423,0.577
"ysf2","YEWA",-0.734567686588753,-1.08827601930709,-0.347820259320622,0,1
"ysf2","YRWA",-0.500819729222281,-0.913529929590222,-0.104851827222015,0.021,0.979
"ysf2","CALT",-0.404248176379367,-1.06757207100735,0.230495209137656,0.1485,0.8515
"ysf2","CLNU",-0.240431767421053,-0.95832252310563,0.450895236123908,0.2815,0.7185
"ysf2","RWBL",-0.456992057414983,-1.14803657309449,0.246986982367998,0.135,0.865
"ysf2","WISA",-0.228560001112312,-0.909697197172826,0.374099334888894,0.274,0.726
"ysf2","BESP",-0.51971728297065,-1.45682129298939,0.37406416199538,0.186,0.814
"ysf2","AMGO",-0.519362584793296,-1.41073193145873,0.41212833552972,0.177,0.823
"ysf2","OATI",0.0964134966015337,-0.517026011260299,0.702107970952114,0.593,0.407
"ysf2","VESP",-0.682315813905032,-1.56710429163921,0.16436563870537,0.0885,0.9115
"ysf2","YBCH",-0.541658333196855,-1.43993471666967,0.396927790572178,0.1735,0.8265
"ysf2","MWCS",-0.669699722727341,-1.70559587965487,0.225107369662946,0.1265,0.8735
"dist","ACWO",0.573112428626875,0.222529189869384,0.895616751458171,0.9955,0.00449999999999995
"dist","AMRO",-0.105282683498231,-0.452693756036185,0.212420273274827,0.315,0.685
"dist","ANHU",-0.0976322111514767,-0.464195505307059,0.273275801991733,0.3165,0.6835
"dist","ATFL",0.102662869825869,-0.639918728174196,0.833194605405124,0.584,0.416
"dist","BBWO",0.0630751259302951,-0.316384573657052,0.437727418240144,0.6085,0.3915
"dist","BCSP",-0.126818673176389,-0.86637163277033,0.737451838350144,0.3965,0.6035
"dist","BEWR",0.302752784980422,-0.181272507418115,0.748883936316678,0.8665,0.1335
"dist","BGGN",-0.322544050828941,-0.804091083104109,0.148478036403366,0.1315,0.8685
"dist","BHCO",-0.219845232130161,-0.546500401734403,0.114320578507258,0.1375,0.8625
"dist","BHGR",-0.00736257815410481,-0.204178815644401,0.223062749830658,0.4795,0.5205
"dist","BRBL",-0.785806731676643,-1.37542096764128,-0.13661545864807,0.0215,0.9785
"dist","BRCR",-1.01785030170427,-1.31547474080313,-0.730855637479006,0,1
"dist","BRSP",0.0649646988436589,-0.47592758914808,0.658566132481668,0.567,0.433
"dist","BTPI",-0.0903355599799548,-0.622871182497567,0.477322140689659,0.3865,0.6135
"dist","BTYW",-0.558690508536328,-0.850327838737263,-0.249883025797247,5e-04,0.9995
"dist","BUOR",0.733653068839387,0.0827926987349579,1.41774278520074,0.9695,0.0305
"dist","BUSH",-0.440227963573427,-1.00799910210568,0.139614134859644,0.103,0.897
"dist","CAFI",-0.187599912005065,-0.398999635433119,0.0455112349336365,0.0865,0.9135
"dist","CAHU",-0.44358182091707,-0.858469447323753,0.0161190131180185,0.0505,0.9495
"dist","CANW",-0.165613441789476,-0.786987362216715,0.473495741392188,0.332,0.668
"dist","CAQU",-0.239418786172176,-0.786325420680696,0.268743063091504,0.209,0.791
"dist","CAVI",-0.863776592702517,-1.19603878859627,-0.544035686701858,0,1
"dist","CBCH",-0.492492909278173,-1.17808140508889,0.267583304641494,0.1245,0.8755
"dist","CHSP",0.132446775305711,-0.125808814052292,0.382579324548359,0.7985,0.2015
"dist","DEJU",-0.53658355758222,-0.807915431656626,-0.204589548999098,5e-04,0.9995
"dist","DOWO",0.233575692185313,-0.272879654698915,0.766438341384665,0.773,0.227
"dist","DUFL",0.0823944393055745,-0.127767159583073,0.292743506520618,0.7355,0.2645
"dist","EUST",0.823237705493487,0.0869600276918241,1.53349795880846,0.978,0.022
"dist","EVGR",-0.955300653263265,-1.32914759223943,-0.485080122552334,0,1
"dist","FOSP",0.0747989384221081,-0.201508543634895,0.322307875860496,0.69,0.31
"dist","GCKI",-0.977823274241906,-1.3491182168031,-0.595885550157017,0,1
"dist","GRFL",-0.324991874958161,-0.836589753977698,0.206853499654958,0.15,0.85
"dist","GTTO",0.468747846193227,0.244861253413237,0.735743189535309,1,0
"dist","HAFL",-0.927392941853374,-1.33890915344834,-0.538116965750841,0,1
"dist","HAWO",0.369342781267123,0.1422020757617,0.59245431221466,0.9965,0.00349999999999995
"dist","HETH",-0.770998989581113,-1.18239091304731,-0.32998802705403,0.001,0.999
"dist","HEWA",-1.08045693998664,-1.35197522023917,-0.798486810962484,0,1
"dist","HOFI",-0.41428558824824,-1.06550156175197,0.20986458099356,0.149,0.851
"dist","HOWR",0.581365759538884,0.39638006067246,0.746610523943958,1,0
"dist","HUVI",-0.373997537111477,-0.793547830471514,0.0585799345648302,0.0685,0.9315
"dist","LAGO",-0.108103257762348,-0.451552407778616,0.252918418419311,0.3105,0.6895
"dist","LASP",-0.169009087921856,-0.889546720664745,0.535917368809268,0.343,0.657
"dist","LAZB",0.289008781972558,0.109551954750284,0.441796750847166,0.9985,0.00149999999999995
"dist","LEGO",0.341452692977598,-0.0229081188005579,0.685805763599856,0.946,0.054
"dist","LEWO",0.61524975388947,0.0531473012316972,1.24777663043086,0.963,0.037
"dist","LISP",-0.208238970943641,-0.697457217846878,0.242986214020553,0.2355,0.7645
"dist","MGWA",-0.254141880704734,-0.484186515490104,0.0284367132099156,0.048,0.952
"dist","MOBL",0.584419243717449,0.30063022833147,0.874234194106985,1,0
"dist","MOCH",-1.04957560517382,-1.33457250550801,-0.799913161053172,0,1
"dist","MODO",0.0989363549921898,-0.248885725914401,0.523136322367102,0.675,0.325
"dist","MOUQ",0.29924314018909,-0.0427102076905307,0.603553792709818,0.934,0.0659999999999999
"dist","NAWA",-0.177420314317504,-0.431331935879088,0.0553679338933759,0.109,0.891
"dist","NOFL",-0.0471991967699977,-0.278287114757498,0.208213230250168,0.3815,0.6185
"dist","NUWO",0.313038840917279,-0.486003134932243,0.971171071956665,0.751,0.249
"dist","OSFL",-0.273795858941296,-0.488887560453278,-0.0327118868356676,0.018,0.982
"dist","PAWR",-0.365002260652548,-0.988050169949231,0.25874268720245,0.1705,0.8295
"dist","PIGR",-0.029511241477646,-0.747262569923362,0.74333621488486,0.4585,0.5415
"dist","PISI",-0.0407068476780653,-0.359516208224305,0.290891478251453,0.4155,0.5845
"dist","PIWO",-0.721723316949216,-1.25989928881028,-0.177196805009143,0.01,0.99
"dist","PSFL",-0.615125240015394,-1.06377416793573,-0.16236502690455,0.014,0.986
"dist","PUFI",-0.176290321786945,-0.433928379843863,0.0867477737734751,0.1345,0.8655
"dist","PYNU",-0.328713927122356,-0.87885240949078,0.235172730712644,0.1585,0.8415
"dist","RBNU",-1.1135291120456,-1.38888563656444,-0.867240945711532,0,1
"dist","RBSA",-0.601939067865622,-1.06461335152727,-0.0877126626271989,0.0125,0.9875
"dist","RCSP",0.259932420712957,-0.537257009105405,0.9494165870571,0.712,0.288
"dist","RECR",0.115155241224596,-0.459303551109868,0.731476595558146,0.631,0.369
"dist","ROWR",0.431619200010437,0.0224078781949594,0.845272410525754,0.9605,0.0395
"dist","SOGR",0.686178472444951,-0.00910712639087646,1.32021790226263,0.9605,0.0395
"dist","SOSP",0.0943669384042988,-0.353085843341499,0.521251934290969,0.6305,0.3695
"dist","SPTO",-0.0660699998592613,-0.259715194252984,0.147380940086584,0.2955,0.7045
"dist","STJA",-0.572940397395821,-0.845669179606003,-0.337335314999257,0,1
"dist","TOSO",-0.452231324139228,-0.756631364061835,-0.125202744324671,0.0065,0.9935
"dist","VASW",-0.0384757869533136,-0.729028869693227,0.789472403904583,0.4625,0.5375
"dist","WAVI",-0.625935862741497,-0.925248333715691,-0.316003649866085,0,1
"dist","WBNU",0.333738644567152,-0.0219329253335157,0.6430903686967,0.9545,0.0455
"dist","WEBL",0.495982383488074,0.156644087560543,0.847389453370035,0.991,0.00900000000000001
"dist","WESJ",-0.206389963196447,-0.720808090421469,0.260707774115915,0.247,0.753
"dist","WETA",-0.90408207594823,-1.18435067117474,-0.63729137207283,0,1
"dist","WEWP",0.173610047606223,-0.0579851709400644,0.405432163141527,0.893,0.107
"dist","WHWO",-0.618818708435063,-0.913581906207245,-0.309628972785467,0,1
"dist","WIWA",-0.237723642744585,-0.669768509666886,0.189792755622838,0.1805,0.8195
"dist","WREN",-0.109145317065376,-0.638742096689656,0.488892479515199,0.365,0.635
"dist","YEWA",0.0118356663926284,-0.29148372522778,0.290055303563075,0.5335,0.4665
"dist","YRWA",-0.524669218236192,-0.885775068419236,-0.192639950616322,0.006,0.994
"dist","CALT",-0.0502956110126834,-0.694705302322758,0.605315219972679,0.454,0.546
"dist","CLNU",-0.45393445283003,-1.09432492621203,0.232666956997585,0.1415,0.8585
"dist","RWBL",-0.191120198483554,-0.7535240491348,0.424966925453253,0.2935,0.7065
"dist","WISA",-0.63451311935264,-1.25228161765849,0.0139584780119676,0.053,0.947
"dist","BESP",-0.118633759230467,-0.917870489033094,0.719996680054108,0.4095,0.5905
"dist","AMGO",0.0883946361852755,-0.689876418286663,0.949391826905685,0.5665,0.4335
"dist","OATI",-0.235606715259581,-1.01248112886746,0.515331028182041,0.313,0.687
"dist","VESP",0.141410690240538,-0.579199311939239,0.918055748432206,0.6115,0.3885
"dist","YBCH",-0.134198541728386,-0.981463183796616,0.63321904850958,0.39,0.61
"dist","MWCS",-0.658000908309143,-1.42079633309863,-0.0272817565311608,0.0625,0.9375
"dy","ACWO",-0.239323156510199,-0.498597635434873,0.0283047024444978,0.066,0.934
"dy","AMRO",-0.125721346887905,-0.393138119359652,0.139819901960656,0.2255,0.7745
"dy","ANHU",-0.044262376085029,-0.333263995480788,0.258915651470407,0.412,0.588
"dy","ATFL",-0.206406272210505,-0.627173425156309,0.163812314068736,0.1945,0.8055
"dy","BBWO",-0.133399551394402,-0.53537537962078,0.217575765588094,0.288,0.712
"dy","BCSP",-0.0591825433862857,-0.484006296760606,0.338043758663923,0.3895,0.6105
"dy","BEWR",-0.175278438211176,-0.443738390061542,0.069121411827196,0.1255,0.8745
"dy","BGGN",-0.223623506069146,-0.51912278605524,0.0720172384604573,0.107,0.893
"dy","BHCO",-0.0674672309901531,-0.30919360043422,0.203161483501612,0.3315,0.6685
"dy","BHGR",0.101189805573746,-0.116695795123436,0.30723075301737,0.776,0.224
"dy","BRBL",-0.0644815791068268,-0.426238315454586,0.373111985528541,0.391,0.609
"dy","BRCR",0.12709584263114,-0.134088586528689,0.394929800184156,0.7835,0.2165
"dy","BRSP",0.0759946838491916,-0.299252614054281,0.489814356319683,0.614,0.386
"dy","BTPI",-0.211974551077249,-0.574295397666412,0.179523807038563,0.1685,0.8315
"dy","BTYW",0.146569378509804,-0.114857794417692,0.396844507038183,0.8255,0.1745
"dy","BUOR",-0.16547599115712,-0.568037797328469,0.239410212079049,0.2475,0.7525
"dy","BUSH",-0.0354877927368465,-0.405975519843359,0.335333096366398,0.4355,0.5645
"dy","CAFI",-0.240994134669713,-0.489993972860872,-0.0128105053517106,0.051,0.949
"dy","CAHU",0.00851404178210371,-0.358659768467202,0.35094394072438,0.524,0.476
"dy","CANW",-0.10194357011263,-0.481567086672054,0.259881808186021,0.3245,0.6755
"dy","CAQU",-0.101084907244863,-0.449206767799431,0.224523038630781,0.309,0.691
"dy","CAVI",0.0165721534012567,-0.244718790622193,0.294814050689319,0.525,0.475
"dy","CBCH",0.0542604551176766,-0.318598468024476,0.41940531391546,0.5895,0.4105
"dy","CHSP",0.0108257809966907,-0.222367790105467,0.260391029974551,0.527,0.473
"dy","DEJU",0.0411502539151561,-0.165470047599187,0.227100751636774,0.6375,0.3625
"dy","DOWO",-0.105591074307529,-0.45861902053884,0.335446450696981,0.33,0.67
"dy","DUFL",0.172717846082451,-0.0371308625492097,0.387199159912773,0.9045,0.0955
"dy","EUST",-0.0871165371829062,-0.488025809710302,0.341483129585121,0.3665,0.6335
"dy","EVGR",0.0216582282287572,-0.327122448967596,0.37992667704321,0.546,0.454
"dy","FOSP",0.0988449984011272,-0.186989273151696,0.369690795517199,0.726,0.274
"dy","GCKI",-0.257866664816246,-0.588780932301036,0.0397978894173932,0.085,0.915
"dy","GRFL",0.0623269626945623,-0.32797245644758,0.40901942918478,0.598,0.402
"dy","GTTO",-0.216951542464827,-0.456686520605011,0.0185738641610422,0.0675,0.9325
"dy","HAFL",-0.131310843406018,-0.491530481799544,0.231215827445366,0.2895,0.7105
"dy","HAWO",-0.322521732512024,-0.562723443679995,-0.0886539640894135,0.009,0.991
"dy","HETH",0.000318414005281558,-0.370786423707267,0.361783714228267,0.502,0.498
"dy","HEWA",-0.164448849076138,-0.412600258756251,0.133071827586843,0.163,0.837
"dy","HOFI",-0.0820470638467025,-0.488517868911719,0.30603687594582,0.366,0.634
"dy","HOWR",0.0134853882998522,-0.164394154717734,0.184727782034855,0.5485,0.4515
"dy","HUVI",0.309286866333709,-0.0283154883142276,0.622256334012482,0.94,0.0600000000000001
"dy","LAGO",0.0581480682751527,-0.258323050116668,0.347404719781789,0.621,0.379
"dy","LASP",-0.0158648295030745,-0.441409315834825,0.39282144601855,0.475,0.525
"dy","LAZB",0.0166828598288603,-0.136984007502988,0.154076076718044,0.571,0.429
"dy","LEGO",0.0811463491719946,-0.19660622844425,0.359017425830255,0.691,0.309
"dy","LEWO",0.0103822795525195,-0.376859462182233,0.416136449576961,0.524,0.476
"dy","LISP",-0.2024035909473,-0.567954981407453,0.133804150019797,0.163,0.837
"dy","MGWA",0.00170857576541509,-0.246205637586484,0.28107644340458,0.5005,0.4995
"dy","MOBL",-0.371496708491334,-0.641083636668068,-0.0753907036225252,0.014,0.986
"dy","MOCH",-0.163464665121741,-0.403530753654139,0.100372529374686,0.1495,0.8505
"dy","MODO",0.0435405963082039,-0.226289657458399,0.356730647207881,0.599,0.401
"dy","MOUQ",-0.0440294628400595,-0.32436195635469,0.285720102093651,0.4075,0.5925
"dy","NAWA",0.295353847319984,0.00741646803832924,0.548726824245584,0.9655,0.0345
"dy","NOFL",-0.077561900280357,-0.308406836359997,0.180391936750532,0.291,0.709
"dy","NUWO",0.0258720501126365,-0.356178142885693,0.401111507186725,0.545,0.455
"dy","OSFL",-0.438147175223254,-0.670313553886859,-0.171717736068864,0.001,0.999
"dy","PAWR",-0.00167514559429664,-0.377499732594135,0.402124392517781,0.5025,0.4975
"dy","PIGR",-0.0726656123512005,-0.472443629774405,0.350138922132591,0.3825,0.6175
"dy","PISI",-0.153472635089,-0.454669567336035,0.16581058224086,0.2105,0.7895
"dy","PIWO",-0.192682474925356,-0.582109987832058,0.203697422454689,0.21,0.79
"dy","PSFL",0.000271253122372705,-0.40267701530117,0.370211253388765,0.4905,0.5095
"dy","PUFI",-0.0693497625106324,-0.335324930169175,0.181411134177618,0.333,0.667
"dy","PYNU",-0.139447801670313,-0.49488093623169,0.21792911649073,0.269,0.731
"dy","RBNU",0.164966832950371,-0.0370056680468101,0.37169066387692,0.91,0.09
"dy","RBSA",-0.175819384210636,-0.528259357845243,0.233384773519389,0.216,0.784
"dy","RCSP",-0.120820140292936,-0.522838907733215,0.285473015214083,0.316,0.684
"dy","RECR",-0.0781876690047153,-0.438232549133832,0.32680223396581,0.369,0.631
"dy","ROWR",-0.182763658505374,-0.580172933370319,0.165959237327354,0.2035,0.7965
"dy","SOGR",-0.209351637917668,-0.608047296332793,0.217238573210957,0.1995,0.8005
"dy","SOSP",0.00654095231577085,-0.320819874542776,0.36812056331194,0.4985,0.5015
"dy","SPTO",0.250744681256397,0.0699685368561662,0.439191105078912,0.9855,0.0145
"dy","STJA",-0.461750342969069,-0.759571690959113,-0.172597959324207,0.004,0.996
"dy","TOSO",0.128773907125693,-0.185909721902062,0.414316302865739,0.756,0.244
"dy","VASW",-0.0703187732852373,-0.51967362138829,0.333952330263658,0.4085,0.5915
"dy","WAVI",-0.271950556541228,-0.557445881719878,0.0164928196400384,0.059,0.941
"dy","WBNU",-0.219992216016711,-0.574466489329694,0.0593590367704685,0.122,0.878
"dy","WEBL",-0.259846901756513,-0.571416478566733,0.0415767825337279,0.08,0.92
"dy","WESJ",0.112410648040853,-0.194084111864567,0.39962603570307,0.7235,0.2765
"dy","WETA",-0.0144202512670427,-0.258402173396881,0.221716718460679,0.458,0.542
"dy","WEWP",-0.549264275933283,-0.802583707558669,-0.306631430020519,0,1
"dy","WHWO",-0.281909919730731,-0.571361646711773,0.0140882854609605,0.054,0.946
"dy","WIWA",0.035440204447054,-0.297907124699268,0.384277130925085,0.5615,0.4385
"dy","WREN",-0.0375524038448116,-0.372370878043924,0.273568810844276,0.4365,0.5635
"dy","YEWA",0.166128564856671,-0.105287136081962,0.420640082752715,0.843,0.157
"dy","YRWA",0.162043118706781,-0.147478733078664,0.449515833148679,0.819,0.181
"dy","CALT",-0.0901615865332047,-0.419583677787031,0.330453870680459,0.333,0.667
"dy","CLNU",-0.0549833012610151,-0.431981186512764,0.328176935167498,0.4075,0.5925
"dy","RWBL",-0.059126534689241,-0.456904492448104,0.33342492823135,0.407,0.593
"dy","WISA",0.154306459494965,-0.208251396801105,0.555191476721097,0.749,0.251
"dy","BESP",-0.0602220265073538,-0.506384312051092,0.332210244545093,0.394,0.606
"dy","AMGO",-0.0877384394932613,-0.498050778011288,0.327534436700245,0.3515,0.6485
"dy","OATI",-0.17235292882323,-0.506086716877387,0.229392243612655,0.2115,0.7885
"dy","VESP",-0.0241255485655834,-0.435923091906769,0.361347007931189,0.451,0.549
"dy","YBCH",-0.0577199989573666,-0.439897293305905,0.390683680820407,0.4025,0.5975
"dy","MWCS",-0.0152913889778205,-0.43495339461073,0.425665830812172,0.4725,0.5275
"patch","ACWO",0.00429059042385955,-0.38521306584794,0.353878520501502,0.5125,0.4875
"patch","AMRO",-0.202715962803848,-0.521456557698038,0.208329780601153,0.176,0.824
"patch","ANHU",0.103371498901629,-0.263738791903036,0.519461551070117,0.669,0.331
"patch","ATFL",-0.0883743755945375,-0.542195235153285,0.359218762730804,0.3705,0.6295
"patch","BBWO",-0.0248176469406851,-0.346596740491373,0.357140043271374,0.453,0.547
"patch","BCSP",-0.0455129667669787,-0.508804377744094,0.395330620944989,0.44,0.56
"patch","BEWR",-0.0156592202360413,-0.449532987631245,0.340189501291443,0.475,0.525
"patch","BGGN",0.0278256174576854,-0.396459623404694,0.40898360093943,0.5335,0.4665
"patch","BHCO",0.317830387393016,-0.0692064141086392,0.682933172237776,0.929,0.071
"patch","BHGR",0.180540083459694,-0.066786068171691,0.434918271328645,0.883,0.117
"patch","BRBL",-0.0446490580456327,-0.452910404934209,0.346905529249206,0.425,0.575
"patch","BRCR",-0.295217648976064,-0.594505943187868,-0.0145992620280311,0.044,0.956
"patch","BRSP",0.0665288162067422,-0.361500525643815,0.544419158683525,0.6015,0.3985
"patch","BTPI",-0.015895336159283,-0.400551420919666,0.381102080630031,0.4655,0.5345
"patch","BTYW",-0.158655990261971,-0.477838723613009,0.197537744809604,0.227,0.773
"patch","BUOR",-0.09069543343436,-0.529612973592184,0.318329593417103,0.3695,0.6305
"patch","BUSH",0.0372609536285054,-0.405661517976425,0.466040862084761,0.5505,0.4495
"patch","CAFI",0.00929133658811902,-0.27371815763446,0.292292871698478,0.532,0.468
"patch","CAHU",0.207295030744312,-0.206317924284213,0.547866423164715,0.821,0.179
"patch","CANW",-0.15944919978703,-0.525517170569531,0.276223684465435,0.264,0.736
"patch","CAQU",0.304776856812677,-0.178702357197966,0.774073289844445,0.8585,0.1415
"patch","CAVI",-0.266523600348345,-0.570133789838486,0.0453261048903362,0.0795,0.9205
"patch","CBCH",-0.142610595702713,-0.5970293100743,0.331742436708412,0.3085,0.6915
"patch","CHSP",0.0705738878169406,-0.238394271626031,0.387312426077846,0.64,0.36
"patch","DEJU",-0.0509835370705615,-0.357126982500565,0.250806338472377,0.389,0.611
"patch","DOWO",-0.0806822192896333,-0.497197214039158,0.30078876321722,0.37,0.63
"patch","DUFL",0.0675999945489599,-0.185416477138407,0.360367292382512,0.6535,0.3465
"patch","EUST",0.167130671465216,-0.303844642038077,0.582494234552664,0.7315,0.2685
"patch","EVGR",-0.249383264461666,-0.629994481985007,0.0801323572525826,0.123,0.877
"patch","FOSP",0.0479905050544808,-0.251063059168376,0.370284841829833,0.594,0.406
"patch","GCKI",-0.29476443699687,-0.6369148471339,0.0250827167898875,0.0675,0.9325
"patch","GRFL",-0.0247847084477682,-0.422787333382012,0.37182672187384,0.4605,0.5395
"patch","GTTO",0.0116627334326426,-0.306772837686941,0.337481074754659,0.523,0.477
"patch","HAFL",-0.136715593701521,-0.480693307096044,0.21133564672778,0.256,0.744
"patch","HAWO",-0.185611317958682,-0.426864850249238,0.0754581241600483,0.1135,0.8865
"patch","HETH",0.0420286243509298,-0.333953408123231,0.381227813439712,0.5755,0.4245
"patch","HEWA",-0.328470613130846,-0.614336688054767,-0.0252909355693065,0.031,0.969
"patch","HOFI",-0.177103047039642,-0.605497679302731,0.246158567669526,0.247,0.753
"patch","HOWR",0.236680396903595,-0.00306076782236306,0.495491934634883,0.9465,0.0535
"patch","HUVI",-0.38598667242289,-0.715564472071684,-0.0321234309617612,0.029,0.971
"patch","LAGO",-0.147110731698675,-0.493382583223355,0.167817621838848,0.2315,0.7685
"patch","LASP",-0.00551193729796635,-0.45153830846951,0.443418736334978,0.49,0.51
"patch","LAZB",0.269679451546544,0.00740538057280155,0.513013826850472,0.96,0.04
"patch","LEGO",-0.0846514410204735,-0.417331513096956,0.277018887833707,0.344,0.656
"patch","LEWO",0.0991697011482935,-0.316949874004045,0.534361643563974,0.649,0.351
"patch","LISP",0.0454390456847353,-0.381769033851187,0.420831426320503,0.5665,0.4335
"patch","MGWA",-0.0435870419959002,-0.358795864549331,0.246302401931087,0.4045,0.5955
"patch","MOBL",0.189681768154675,-0.142665830214586,0.535424914056682,0.817,0.183
"patch","MOCH",-0.325473792494974,-0.617861355923825,-0.0353432227883084,0.034,0.966
"patch","MODO",0.201160305980267,-0.141811556397949,0.556474121958092,0.83,0.17
"patch","MOUQ",-0.197118656264236,-0.581222881284136,0.144408995621477,0.181,0.819
"patch","NAWA",0.150314996106672,-0.181204397673291,0.449871165160914,0.7855,0.2145
"patch","NOFL",0.0295779856329543,-0.226784205954237,0.300336774870063,0.5735,0.4265
"patch","NUWO",0.0660257894473845,-0.397729858752611,0.497961321892552,0.5775,0.4225
"patch","OSFL",-0.107308202261092,-0.36608246052544,0.146072532027846,0.2495,0.7505
"patch","PAWR",-0.160269719735583,-0.580593602457592,0.242444747544742,0.2655,0.7345
"patch","PIGR",0.0618948783349128,-0.386999632490135,0.488347920443385,0.5895,0.4105
"patch","PISI",0.0264185348595578,-0.309496187731091,0.364890706654283,0.555,0.445
"patch","PIWO",-0.0806545260569096,-0.485489180252244,0.317427553600682,0.371,0.629
"patch","PSFL",0.0759376102323684,-0.264870955523783,0.447783344991718,0.634,0.366
"patch","PUFI",0.0112735625177644,-0.335696421530706,0.32070101949064,0.53,0.47
"patch","PYNU",-0.197677320483228,-0.593368194943384,0.235602176811634,0.2135,0.7865
"patch","RBNU",-0.458220316909165,-0.785414303621055,-0.160195417101082,0.0095,0.9905
"patch","RBSA",-0.141405872568868,-0.495507745312134,0.256736259127622,0.274,0.726
"patch","RCSP",0.0725643627486496,-0.393410743562658,0.509719104147863,0.605,0.395
"patch","RECR",0.0117983341228836,-0.386637654194255,0.413828576959681,0.516,0.484
"patch","ROWR",0.326050718128868,-0.104085444096387,0.719992030866606,0.9055,0.0945
"patch","SOGR",0.0424847761269316,-0.347729211178737,0.506507616456835,0.5565,0.4435
"patch","SOSP",0.0630768955543646,-0.35134341711001,0.453148374282963,0.585,0.415
"patch","SPTO",0.0768111130472771,-0.234154610603852,0.382594053012808,0.6555,0.3445
"patch","STJA",-0.23606938210588,-0.541790154798448,0.0742632244987508,0.1025,0.8975
"patch","TOSO",-0.12118721438479,-0.502634450983296,0.265279348708498,0.303,0.697
"patch","VASW",0.023919707882393,-0.464266071272348,0.464215614405362,0.532,0.468
"patch","WAVI",0.13870990361752,-0.192820526171377,0.499810625594599,0.7515,0.2485
"patch","WBNU",-0.245975055039958,-0.565872209870759,0.084750680306965,0.107,0.893
"patch","WEBL",0.223637191473513,-0.12092220791852,0.601642204601974,0.841,0.159
"patch","WESJ",0.038447373877179,-0.353046568903092,0.399476821806158,0.558,0.442
"patch","WETA",-0.25190440724103,-0.578649669429974,0.0677493637638132,0.091,0.909
"patch","WEWP",-0.413097786268914,-0.684202806741019,-0.116226894669811,0.0055,0.9945
"patch","WHWO",-0.331891803145806,-0.639535844852954,-0.0131901096430615,0.0385,0.9615
"patch","WIWA",0.0249682345941184,-0.37556041359868,0.396148277423315,0.5355,0.4645
"patch","WREN",-0.141448768475427,-0.533413627338663,0.288288143489487,0.285,0.715
"patch","YEWA",0.0364884097486756,-0.309109541144142,0.408293130142188,0.5585,0.4415
"patch","YRWA",-0.344839674703923,-0.685486225853594,-0.015278968567667,0.043,0.957
"patch","CALT",-0.187613464319123,-0.594930334437455,0.238078602621147,0.237,0.763
"patch","CLNU",0.0414040543886944,-0.37523313842417,0.523803820117126,0.5505,0.4495
"patch","RWBL",-0.0808298392108834,-0.522827293113317,0.344097803326888,0.374,0.626
"patch","WISA",-0.0684451549444191,-0.48832131011781,0.384747123910556,0.392,0.608
"patch","BESP",-0.0380475304431125,-0.504431836376021,0.432086563928237,0.434,0.566
"patch","AMGO",-0.086457979630839,-0.537099496798774,0.370328986511147,0.379,0.621
"patch","OATI",-0.105068250312822,-0.574968795934571,0.31483267731703,0.332,0.668
"patch","VESP",-0.00509809722968391,-0.49921237431947,0.470863007641926,0.481,0.519
"patch","YBCH",-0.0318616431286793,-0.514166521307053,0.381507423835385,0.4525,0.5475
"patch","MWCS",-0.0755570472850854,-0.518293131752432,0.344543956233704,0.388,0.612
"lat","ACWO",-2.23628168428953,-3.12563591850464,-1.41955858276658,0,1
"lat","AMRO",-0.162307280954051,-1.01541139307276,0.613658440528431,0.3715,0.6285
"lat","ANHU",-1.20119963988634,-1.92263047885527,-0.42875965157763,0.0035,0.9965
"lat","ATFL",-0.960775773782233,-2.02823532343814,0.191863737096014,0.0755,0.9245
"lat","BBWO",0.977412001096057,0.142275671181609,1.86381861113572,0.961,0.039
"lat","BCSP",-0.139983853866294,-1.52566097622126,1.41969905557359,0.4345,0.5655
"lat","BEWR",-1.1443287937261,-1.9172917752142,-0.445961901765596,0.0105,0.9895
"lat","BGGN",-1.97971631017599,-2.93724695187201,-1.06591792543271,0,1
"lat","BHCO",-0.146082925982137,-1.11092750847933,0.662041507944887,0.396,0.604
"lat","BHGR",-0.761689739253014,-1.27031274099497,-0.248429482522222,0.009,0.991
"lat","BRBL",-0.223839601502717,-1.15727740365322,0.871143765157699,0.351,0.649
"lat","BRCR",-0.506133194887465,-1.22288079092805,0.130340636688562,0.1105,0.8895
"lat","BRSP",0.949144115566098,-0.405712877278749,2.09387788778701,0.9035,0.0965
"lat","BTPI",-0.780452667210002,-1.66443965043517,0.203827953378086,0.077,0.923
"lat","BTYW",-1.79840715216365,-2.45866840577021,-1.13838240399005,0,1
"lat","BUOR",-0.642326722975814,-1.85483156545241,0.325309313674596,0.158,0.842
"lat","BUSH",-0.902119428053189,-1.80755658410573,0.0185973210213699,0.043,0.957
"lat","CAFI",0.708136731422449,0.217932848608011,1.20545359797952,0.9885,0.0115
"lat","CAHU",0.763127737910257,-0.303491781421739,1.65886869502426,0.8905,0.1095
"lat","CANW",-0.661651678851652,-1.73517670031742,0.357401728603599,0.1415,0.8585
"lat","CAQU",-0.86483068629911,-1.70656073627758,-0.0259212688474977,0.0475,0.9525
"lat","CAVI",-0.309370810099769,-0.975035813745357,0.330533538131373,0.227,0.773
"lat","CBCH",0.33641456399306,-0.790224755127863,1.50687840076247,0.6835,0.3165
"lat","CHSP",0.293214964627576,-0.447440557977296,0.98716895214415,0.7365,0.2635
"lat","DEJU",0.348041763694172,-0.21607050327901,0.882318635330789,0.841,0.159
"lat","DOWO",-1.17987468258502,-2.1397173049031,-0.177407721155217,0.0325,0.9675
"lat","DUFL",0.495951987795826,0.043546527853472,0.882638658529624,0.974,0.026
"lat","EUST",-0.235321591456989,-1.21171090669784,0.789784281177705,0.3485,0.6515
"lat","EVGR",1.82769889721555,0.948154279136928,2.74622823897877,1,0
"lat","FOSP",0.6836144707929,0.127866132397469,1.30136035250179,0.971,0.029
"lat","GCKI",0.00197676944335248,-0.536671234545318,0.667675402506421,0.509,0.491
"lat","GRFL",1.33218332667284,0.170082785907493,2.44499238025448,0.9715,0.0285
"lat","GTTO",0.172626002934146,-0.430904464947024,0.868018180692654,0.673,0.327
"lat","HAFL",0.532853878623478,-0.138059485439571,1.22648667084397,0.91,0.09
"lat","HAWO",0.0244039212288979,-0.508439398989036,0.503766556608413,0.543,0.457
"lat","HETH",0.520575555860429,-0.155996872116182,1.29037056796238,0.8785,0.1215
"lat","HEWA",0.266540740542464,-0.206226998983123,0.7691398489446,0.832,0.168
"lat","HOFI",-1.22564320628001,-2.21381773508788,-0.146108012125614,0.018,0.982
"lat","HOWR",1.25354425560644,0.300818781188049,2.22584563507239,0.985,0.015
"lat","HUVI",-0.700274801293864,-1.49218638999563,0.127146984995521,0.067,0.933
"lat","LAGO",-2.81974380227111,-3.6523495593426,-1.79985615394192,0,1
"lat","LASP",-1.07916201875873,-2.26999850267239,0.00858785907764198,0.0585,0.9415
"lat","LAZB",-0.717914549996532,-1.23165428391097,-0.239109713872888,0.0085,0.9915
"lat","LEGO",-1.1742484815827,-1.87604322233859,-0.573799967412822,0.003,0.997
"lat","LEWO",0.420134778087175,-0.526104570304114,1.43567049907391,0.763,0.237
"lat","LISP",-1.11626050912424,-1.96035870362819,-0.208594317280686,0.017,0.983
"lat","MGWA",-0.352103771530294,-1.09594246869925,0.430119573963057,0.2145,0.7855
"lat","MOBL",1.90367922942379,1.11882235984238,2.60955194682374,1,0
"lat","MOCH",0.773659590169713,0.169288059910405,1.41019192888922,0.9715,0.0285
"lat","MODO",-0.689150211118349,-1.42967760814179,0.0870736726728644,0.0655,0.9345
"lat","MOUQ",-0.70942625131332,-1.46153791264823,-0.0103253739208761,0.0515,0.9485
"lat","NAWA",-0.584413798715131,-1.28052080077083,0.0859930451031741,0.0765,0.9235
"lat","NOFL",-0.426200246567209,-0.876278666144654,0.0311681668477452,0.059,0.941
"lat","NUWO",-1.09505711688047,-2.03397637700588,0.137268721703135,0.046,0.954
"lat","OSFL",0.528180650722849,-0.0649005402088313,1.10600748436281,0.9335,0.0665
"lat","PAWR",0.00425855047647459,-0.984559174999417,1.06009545910926,0.513,0.487
"lat","PIGR",-0.749435237436519,-1.99646876203887,0.486207341844135,0.152,0.848
"lat","PISI",0.741977249575875,0.103080143972654,1.37711513728581,0.977,0.023
"lat","PIWO",-0.561405444546921,-1.28338066517962,0.350125532166623,0.1305,0.8695
"lat","PSFL",-0.881406009899644,-1.58350867882781,-0.247935566536621,0.0105,0.9895
"lat","PUFI",-0.525012738422161,-1.30050529416394,0.238391153901406,0.134,0.866
"lat","PYNU",-0.270275567629944,-1.13188950175307,0.626940005672659,0.2945,0.7055
"lat","RBNU",-0.153894722499093,-0.849313455926857,0.602270318473269,0.372,0.628
"lat","RBSA",0.372712691837875,-0.446918250509458,1.24063543885074,0.7775,0.2225
"lat","RCSP",-0.729284221120826,-2.01829854372216,0.399417325795739,0.1605,0.8395
"lat","RECR",-0.424244758562547,-1.44860032396143,0.589428981555058,0.2315,0.7685
"lat","ROWR",0.694942744537666,-0.10880400961318,1.4737003285717,0.9365,0.0635
"lat","SOGR",0.815151988807807,-0.320653434705149,2.10626097722564,0.87,0.13
"lat","SOSP",-0.32970673790886,-1.35434569809624,0.596512189130741,0.296,0.704
"lat","SPTO",-0.345336729972382,-0.997310280693565,0.353828856724864,0.201,0.799
"lat","STJA",-0.999583137039773,-1.48478728219981,-0.436091349573239,0,1
"lat","TOSO",0.737273425508525,-0.0127513391272888,1.50659255777644,0.953,0.047
"lat","VASW",0.323195904482318,-1.00096934960238,1.59794769118822,0.65,0.35
"lat","WAVI",-0.30539258265206,-1.07325050528667,0.385193748632325,0.2425,0.7575
"lat","WBNU",0.229530782610363,-0.653804224247218,1.07101662159917,0.666,0.334
"lat","WEBL",-0.901859455086565,-1.56457235370343,-0.24177124948822,0.007,0.993
"lat","WESJ",-1.75641339604823,-2.71789765088273,-0.731163186004599,0.003,0.997
"lat","WETA",0.351870814761345,-0.251612152904991,0.963789027461639,0.8345,0.1655
"lat","WEWP",-0.88014021585638,-1.46930610802472,-0.143294844040721,0.011,0.989
"lat","WHWO",-0.262237760328899,-1.01841351301967,0.559009792014474,0.2945,0.7055
"lat","WIWA",-0.149175951869424,-0.874762833959994,0.582219082398795,0.374,0.626
"lat","WREN",-1.83527872957614,-2.80761097487057,-0.816268204701195,5e-04,0.9995
"lat","YEWA",0.331027035327528,-0.521796293672724,1.13569757879923,0.7475,0.2525
"lat","YRWA",0.959609462571019,0.0310140073151083,1.83980137595596,0.96,0.04
"lat","CALT",-1.12774629916379,-2.165332958354,-0.0871254915004697,0.03,0.97
"lat","CLNU",0.33392625729157,-0.895849663800903,1.42128224161203,0.699,0.301
"lat","RWBL",-1.38130777993829,-2.50967408328125,-0.188949310121451,0.0215,0.9785
"lat","WISA",-0.38921669236301,-1.37660095389332,0.560725036078627,0.2525,0.7475
"lat","BESP",-0.162474580913382,-1.57591241759588,1.25890442005625,0.428,0.572
"lat","AMGO",0.266563042360333,-1.10239566600203,1.50528112541633,0.626,0.374
"lat","OATI",-1.02484712156119,-2.11681272766045,0.161902380189169,0.067,0.933
"lat","VESP",0.232257150455582,-1.04343128792532,1.54456853541266,0.6195,0.3805
"lat","YBCH",-0.147823614500393,-1.71861087568308,1.19208986013956,0.4275,0.5725
"lat","MWCS",0.361721799632693,-1.03179369903299,1.63484762973479,0.6735,0.3265
"elev","ACWO",-0.397336879075238,-0.901080035179047,0.106069407766415,0.1045,0.8955
"elev","AMRO",-0.415417322622352,-0.845887233804208,0.0852214548284198,0.0745,0.9255
"elev","ANHU",-0.500976728775833,-1.03491345161219,0.00255767835098453,0.055,0.945
"elev","ATFL",-0.233270081705852,-1.25124163265716,0.703849073955674,0.3495,0.6505
"elev","BBWO",0.46209952053402,-0.0776716720244547,0.995933464759292,0.924,0.076
"elev","BCSP",-0.089186026909146,-1.43009522740635,1.19717052455116,0.4565,0.5435
"elev","BEWR",-0.965704414154308,-1.51546233156732,-0.401669519168982,0.004,0.996
"elev","BGGN",-1.80878342207403,-2.49553055257626,-1.05825482295137,0,1
"elev","BHCO",-0.307447669086383,-0.787846082257655,0.190471948513055,0.149,0.851
"elev","BHGR",-1.32090581277676,-1.61867863832249,-0.968794924952083,0,1
"elev","BRBL",-0.159633833338646,-1.04374896647149,0.726150337530745,0.372,0.628
"elev","BRCR",-0.147720898530141,-0.447076250778289,0.161534368558951,0.222,0.778
"elev","BRSP",0.680228512972201,-0.18922658311299,1.50510595725015,0.9015,0.0985
"elev","BTPI",-0.777841971614432,-1.49841946430213,0.00179990146498442,0.043,0.957
"elev","BTYW",-1.44006427586156,-1.97266820838448,-0.895204835263298,0,1
"elev","BUOR",-0.717239168516427,-1.57533066605267,0.156455583339108,0.08,0.92
"elev","BUSH",-0.787012565284012,-1.5617954506805,-0.0877568338763803,0.039,0.961
"elev","CAFI",1.16618260459057,0.841459122275057,1.5117875994109,1,0
"elev","CAHU",0.00667172194516647,-0.60173237143215,0.610334484648701,0.514,0.486
"elev","CANW",0.417627380271702,-0.50253029306058,1.26462888684231,0.7695,0.2305
"elev","CAQU",-0.381276956442457,-1.13228101817759,0.399587503517463,0.211,0.789
"elev","CAVI",-0.872519830051448,-1.27878258032711,-0.480888753695728,0,1
"elev","CBCH",-1.10516104000637,-2.18237980286693,-0.0980453061037665,0.033,0.967
"elev","CHSP",0.324697498246824,-0.0938238271114017,0.742471936231088,0.895,0.105
"elev","DEJU",0.718321941769868,0.33438066134165,1.06025726827174,0.999,0.001
"elev","DOWO",-0.0192890493324669,-0.728105827325742,0.751075237969765,0.4875,0.5125
"elev","DUFL",1.81184443868837,1.4150854063146,2.15544888483758,1,0
"elev","EUST",-0.841867414643836,-1.76592341524176,0.0915591054196398,0.067,0.933
"elev","EVGR",0.149629889748936,-0.34484267593396,0.661803067350586,0.705,0.295
"elev","FOSP",2.01555998098873,1.60278089658518,2.445644583761,1,0
"elev","GCKI",0.24295655913394,-0.215985283945881,0.699579224800182,0.823,0.177
"elev","GRFL",-0.425167094535975,-1.15809633994466,0.309193438099654,0.1575,0.8425
"elev","GTTO",1.56418496385103,1.13768906601286,1.99050710692041,1,0
"elev","HAFL",0.191616821514973,-0.346026118297249,0.69286842664948,0.7365,0.2635
"elev","HAWO",-0.096786223591465,-0.422660294799834,0.211896075394661,0.313,0.687
"elev","HETH",0.0762966899836748,-0.593496467331878,0.649745565173343,0.576,0.424
"elev","HEWA",-0.595424426776393,-0.938865227136511,-0.226777368716895,0.0025,0.9975
"elev","HOFI",0.238686315969647,-0.640597779038558,1.09317749336578,0.668,0.332
"elev","HOWR",-0.468838620231785,-0.71483405476601,-0.21619431879281,5e-04,0.9995
"elev","HUVI",-0.887131056214267,-1.45137361352215,-0.352545787275142,0.0085,0.9915
"elev","LAGO",-0.88642653988064,-1.44501351635975,-0.380201865508484,0.002,0.998
"elev","LASP",-0.326189933380128,-1.46589850031008,0.703125636032475,0.322,0.678
"elev","LAZB",-0.442267932490967,-0.702014184993002,-0.190200992268554,0.002,0.998
"elev","LEGO",-0.896230004883977,-1.39274658207826,-0.388460270018742,0.001,0.999
"elev","LEWO",-0.72899626941934,-1.5165499473434,0.0802847539677575,0.0645,0.9355
"elev","LISP",0.59511437178643,-0.148198074239964,1.31753952911611,0.907,0.093
"elev","MGWA",-0.0544812936890925,-0.355421550103703,0.324365491635499,0.3985,0.6015
"elev","MOBL",1.55743654253941,1.05560839650317,1.99578326929961,1,0
"elev","MOCH",1.48801695163317,1.11416369659503,1.85310543448548,1,0
"elev","MODO",-1.00330410881464,-1.52212199220271,-0.497980601349343,5e-04,0.9995
"elev","MOUQ",0.580792707888884,0.0849897398780648,1.05330670703,0.983,0.017
"elev","NAWA",-0.815526892414661,-1.15923300061556,-0.465445239670877,0,1
"elev","NOFL",-0.140612927478428,-0.465854999550239,0.167460729768889,0.2395,0.7605
"elev","NUWO",-0.165964801797518,-1.16554637617182,0.766075234016565,0.382,0.618
"elev","OSFL",0.755502141870199,0.425428265800899,1.11697108391851,1,0
"elev","PAWR",-1.23103420291496,-2.15766426946117,-0.342032850340901,0.01,0.99
"elev","PIGR",-0.566605791767137,-1.68420546221714,0.502633771141256,0.204,0.796
"elev","PISI",0.821885693140583,0.346555129086525,1.28508453174947,1,0
"elev","PIWO",-0.115926371932059,-0.860908945226187,0.573409690559537,0.39,0.61
"elev","PSFL",-0.988763012942883,-1.59951895886979,-0.373920034357105,0.0025,0.9975
"elev","PUFI",-0.012004704059447,-0.432253259802008,0.404688117207649,0.479,0.521
"elev","PYNU",0.522421042713196,-0.192312666909172,1.38142585858342,0.8675,0.1325
"elev","RBNU",0.547616151316792,0.216506945333939,0.85492256745069,0.997,0.003
"elev","RBSA",0.0370446327518872,-0.598472592304322,0.647090521043663,0.52,0.48
"elev","RCSP",-0.923359818330113,-2.02924253675941,0.184503086446019,0.0885,0.9115
"elev","RECR",0.169424388039795,-0.665025463480423,0.999780666188887,0.62,0.38
"elev","ROWR",0.268152343552929,-0.310744564823824,0.848503923207473,0.774,0.226
"elev","SOGR",0.739878226656476,-0.118205245329596,1.57508942042022,0.9255,0.0745
"elev","SOSP",-0.720848381411342,-1.3791126114438,-0.157424698856147,0.0265,0.9735
"elev","SPTO",-0.994888449279931,-1.33778358602705,-0.692246060856823,0,1
"elev","STJA",-0.654748405346957,-1.0254677393322,-0.264856296479208,0.001,0.999
"elev","TOSO",0.0993345377462503,-0.391879957117126,0.557611107622225,0.6275,0.3725
"elev","VASW",0.360291304463032,-0.739736080512422,1.50848068560205,0.6935,0.3065
"elev","WAVI",0.38021144588602,-0.0913524810198585,0.800616017270724,0.916,0.084
"elev","WBNU",0.468238362739005,-0.011448131768501,0.966624782161835,0.9495,0.0505
"elev","WEBL",0.161951177962552,-0.304104698265475,0.610080395938224,0.7215,0.2785
"elev","WESJ",-1.46816449107574,-2.17229884358802,-0.693555192500318,5e-04,0.9995
"elev","WETA",-0.331032195190396,-0.718977625716457,0.00900324330312031,0.07,0.93
"elev","WEWP",0.509913453912326,0.196258880926567,0.817495271696388,0.9965,0.00349999999999995
"elev","WHWO",0.635647777393109,0.17684826187595,1.02862753955549,0.9955,0.00449999999999995
"elev","WIWA",0.145594549698904,-0.474927118630313,0.661959846509629,0.674,0.326
"elev","WREN",-0.585311400603871,-1.29891696845586,0.0741757904617469,0.0805,0.9195
"elev","YEWA",0.353609213173426,-0.0900590385700281,0.849828712893229,0.8945,0.1055
"elev","YRWA",0.589588868308124,0.120697287207597,1.12977666068888,0.9865,0.0135
"elev","CALT",-0.82310166838369,-1.65893502819229,0.0607976562824771,0.0625,0.9375
"elev","CLNU",0.906931519052731,-0.204595881366901,1.92081857200217,0.927,0.073
"elev","RWBL",-0.829028717499803,-1.83821370594496,0.0842824066788661,0.0705,0.9295
"elev","WISA",1.19076769269733,0.280627396373619,2.192287649128,0.9765,0.0235
"elev","BESP",-0.0881429878110611,-1.4128575390192,1.03442718796683,0.4635,0.5365
"elev","AMGO",-0.0346473037316217,-1.13513906285398,1.11885615633702,0.485,0.515
"elev","OATI",-0.756328557409164,-1.5873315203103,0.153301042205084,0.0815,0.9185
"elev","VESP",-0.343733416307674,-1.45712356138465,0.830988975248893,0.296,0.704
"elev","YBCH",-0.113719472914014,-1.59693208620739,1.04252953364514,0.446,0.554
"elev","MWCS",0.371358600311842,-0.7377253017737,1.33038374317833,0.7275,0.2725
"elev2","ACWO",-0.226323687771062,-0.509942354559661,0.0647166572296052,0.101,0.899
"elev2","AMRO",0.0732966077683479,-0.181733393040939,0.388978462308859,0.6635,0.3365
"elev2","ANHU",0.230937317189129,-0.0417530287756776,0.539928624687007,0.903,0.097
"elev2","ATFL",-0.0148657030338866,-0.375449454654553,0.315318762593824,0.4735,0.5265
"elev2","BBWO",-0.0164436049231476,-0.300514810640384,0.263522750281817,0.4565,0.5435
"elev2","BCSP",-0.104945012863762,-0.455138416646414,0.261413818267763,0.322,0.678
"elev2","BEWR",0.10934626105419,-0.193741147860121,0.398190984820169,0.7265,0.2735
"elev2","BGGN",0.0387112225165141,-0.266940334146613,0.35525809705222,0.568,0.432
"elev2","BHCO",0.184810279959172,-0.0991599142000535,0.455976191127861,0.8545,0.1455
"elev2","BHGR",0.248909250810848,0.00721971875397527,0.485228699149384,0.9605,0.0395
"elev2","BRBL",-0.115943902844618,-0.485791055158749,0.240980477450807,0.2935,0.7065
"elev2","BRCR",-0.282641845927856,-0.516324684183038,-0.0754744410228,0.0145,0.9855
"elev2","BRSP",-0.0855813496322407,-0.444770173771949,0.25255770124896,0.327,0.673
"elev2","BTPI",-0.0383419841301228,-0.344316528125962,0.33468257105476,0.4115,0.5885
"elev2","BTYW",0.0375513773428339,-0.239582784515793,0.280471810148737,0.584,0.416
"elev2","BUOR",0.0335142754210453,-0.310453326945463,0.385556351761318,0.557,0.443
"elev2","BUSH",-0.119438546504595,-0.452455484644699,0.23406159292496,0.2875,0.7125
"elev2","CAFI",0.0736024448019018,-0.151848404936551,0.298291717796991,0.703,0.297
"elev2","CAHU",-0.11793674452497,-0.403947058133335,0.223093917296927,0.2545,0.7455
"elev2","CANW",-0.160276663838946,-0.532011899916238,0.152925174387551,0.2235,0.7765
"elev2","CAQU",-0.0107242838799174,-0.349842323715006,0.293304968885208,0.473,0.527
"elev2","CAVI",0.0483696029959036,-0.165903858112126,0.317643317241613,0.63,0.37
"elev2","CBCH",0.000145295823375418,-0.344672452972671,0.346491891110959,0.5005,0.4995
"elev2","CHSP",-0.0160334154224036,-0.2566639965958,0.258491301020692,0.459,0.541
"elev2","DEJU",-0.243015328118044,-0.465240047110376,0.000786103571848759,0.042,0.958
"elev2","DOWO",-0.00633759836371106,-0.316861399727054,0.306889003743887,0.483,0.517
"elev2","DUFL",-0.0377602922582718,-0.300658653903917,0.197943519582327,0.3995,0.6005
"elev2","EUST",-0.0447084606841574,-0.375742880937911,0.282861283343186,0.4135,0.5865
"elev2","EVGR",-0.0832313710521248,-0.366737767699922,0.234713782239252,0.3135,0.6865
"elev2","FOSP",0.0999656692714886,-0.173177637727162,0.358025643681619,0.733,0.267
"elev2","GCKI",-0.199997767298993,-0.45660439284123,0.100749282570541,0.123,0.877
"elev2","GRFL",-0.0429440770240344,-0.364433016332551,0.276571933267126,0.3995,0.6005
"elev2","GTTO",-0.258387271180919,-0.540616082288739,0.0200341775821372,0.0585,0.9415
"elev2","HAFL",-0.364030808769681,-0.680738333794506,-0.0239892206292985,0.03,0.97
"elev2","HAWO",0.00446152347304862,-0.21485416714103,0.218057448206924,0.5075,0.4925
"elev2","HETH",-0.160018533497105,-0.482826626240588,0.140633467712108,0.179,0.821
"elev2","HEWA",-0.240712661462081,-0.472389451370048,0.00127918480993193,0.043,0.957
"elev2","HOFI",-0.174217091701302,-0.512840950034315,0.181060156890475,0.198,0.802
"elev2","HOWR",0.191668586206597,0.0199130461042595,0.380161886433154,0.958,0.042
"elev2","HUVI",0.0324826888193307,-0.272571290986766,0.29115841122502,0.5705,0.4295
"elev2","LAGO",0.035186494617959,-0.216977879747,0.346988305626336,0.577,0.423
"elev2","LASP",-0.0598935266314723,-0.390222675902367,0.296821032541483,0.3885,0.6115
"elev2","LAZB",0.0145745339763165,-0.179907895148979,0.197423240592685,0.5605,0.4395
"elev2","LEGO",0.0491748675478757,-0.223712769723553,0.308778858378795,0.6125,0.3875
"elev2","LEWO",-0.271504714977242,-0.613373367834767,0.0824616899726203,0.1,0.9
"elev2","LISP",-0.023456722267344,-0.312613919849174,0.318518938892818,0.454,0.546
"elev2","MGWA",-0.264598558909107,-0.485309924609121,-0.0250262898827984,0.0245,0.9755
"elev2","MOBL",-0.0677432083911925,-0.367252855918346,0.187468053117079,0.349,0.651
"elev2","MOCH",-0.0575660444249942,-0.281243688705072,0.16173839636659,0.322,0.678
"elev2","MODO",0.0131144092409379,-0.267732175654856,0.29807011527388,0.5135,0.4865
"elev2","MOUQ",-0.0972830084356084,-0.363212442987169,0.18058495670666,0.2825,0.7175
"elev2","NAWA",-0.0752432607124978,-0.290425201794299,0.14063145327594,0.285,0.715
"elev2","NOFL",-0.251803795709833,-0.489887282443615,-0.0337206726783779,0.034,0.966
"elev2","NUWO",0.00224046430376692,-0.355216816212836,0.332904853269737,0.5035,0.4965
"elev2","OSFL",-0.0558918693129404,-0.294500156257568,0.166718371164465,0.3455,0.6545
"elev2","PAWR",-0.0922537933787639,-0.428339635808727,0.222444723483065,0.3205,0.6795
"elev2","PIGR",-0.0494910682490593,-0.40415235042678,0.295386682961977,0.4015,0.5985
"elev2","PISI",-0.00272482431085855,-0.304616217937166,0.269012981545375,0.484,0.516
"elev2","PIWO",-0.186643998513567,-0.506970958296221,0.13392949881049,0.164,0.836
"elev2","PSFL",0.103428854964857,-0.219209585331084,0.39893483493909,0.7105,0.2895
"elev2","PUFI",-0.166119174866774,-0.405592036778198,0.0837725543739686,0.1245,0.8755
"elev2","PYNU",-0.135046392514818,-0.488784141483666,0.182960006252132,0.2495,0.7505
"elev2","RBNU",-0.301989811429149,-0.524545411800305,-0.0771994140516535,0.008,0.992
"elev2","RBSA",-0.104830899078978,-0.399634013917452,0.185057035520852,0.267,0.733
"elev2","RCSP",0.00760088329425021,-0.327632795361763,0.366988014559677,0.501,0.499
"elev2","RECR",-0.220375751291005,-0.551910154484145,0.170841154014585,0.147,0.853
"elev2","ROWR",-0.214569758957112,-0.52716065980576,0.047421052941174,0.1055,0.8945
"elev2","SOGR",-0.0446478823435604,-0.385323377960934,0.277062195099232,0.4055,0.5945
"elev2","SOSP",-0.0559554480072794,-0.35415974746779,0.236972456603465,0.3805,0.6195
"elev2","SPTO",-0.100576023015589,-0.290927918159412,0.124865769284284,0.2065,0.7935
"elev2","STJA",-0.110156266993815,-0.311100550382937,0.121527386827797,0.19,0.81
"elev2","TOSO",-0.155666153493746,-0.444504305020266,0.107839546286073,0.1645,0.8355
"elev2","VASW",-0.0905854037485807,-0.429446803569384,0.263837464100091,0.344,0.656
"elev2","WAVI",-0.241243266894455,-0.519658141555378,0.0154351002860961,0.0685,0.9315
"elev2","WBNU",0.0767776585046262,-0.184861312419874,0.351895909287681,0.676,0.324
"elev2","WEBL",-0.115534434186494,-0.377377740005811,0.153698643330283,0.235,0.765
"elev2","WESJ",-0.0575714539715689,-0.355285354065249,0.268919033760871,0.3785,0.6215
"elev2","WETA",-0.0593396595047364,-0.269754430442332,0.164460468223569,0.3295,0.6705
"elev2","WEWP",-0.147159660081507,-0.377195698870957,0.071385749022076,0.127,0.873
"elev2","WHWO",-0.177394923475239,-0.423085125516614,0.0621822479201482,0.1145,0.8855
"elev2","WIWA",0.0015726560941083,-0.282430658618432,0.335644203387656,0.484,0.516
"elev2","WREN",-0.0364853013108027,-0.337228166704617,0.275159204447374,0.4175,0.5825
"elev2","YEWA",-0.205042488438272,-0.465513763570707,0.0754502364419324,0.1015,0.8985
"elev2","YRWA",-0.112926185704942,-0.398888716341032,0.171822609198857,0.251,0.749
"elev2","CALT",-0.115764690954231,-0.485536140195004,0.230162138555151,0.296,0.704
"elev2","CLNU",-0.0195689052996725,-0.339885232838515,0.367967188354182,0.465,0.535
"elev2","RWBL",-0.142814279393536,-0.440269451267918,0.22130911882134,0.234,0.766
"elev2","WISA",-0.0425815673746896,-0.390878891473045,0.306367989309237,0.411,0.589
"elev2","BESP",-0.107205364297621,-0.466099417244292,0.263953805267461,0.3175,0.6825
"elev2","AMGO",-0.127493497750799,-0.488458249757149,0.218427222760216,0.2845,0.7155
"elev2","OATI",0.00438785136989716,-0.337712720030883,0.321511184213899,0.503,0.497
"elev2","VESP",-0.119768639865149,-0.495771271549573,0.251013797331389,0.2835,0.7165
"elev2","YBCH",-0.0985296816117519,-0.478844318753729,0.260713726434954,0.334,0.666
"elev2","MWCS",-0.10139339723273,-0.469896585475531,0.252217603411388,0.328,0.672
